COUNTRY,COAL MINE
China,Guizhou Digua No. 2 Coal Mine
China,Guizhou Pu'an Xingfu Coal Mine
China,Guizhou Caoqing Coal Mine
China,Inner Mongolia Bayintaolegai Coal Mine
China,Inner Mongolia Bandongliang Coal Mine
China,Gansu Luochuan Coal Mine
China,Gansu Lucaotaizi Coal Mine
China,Hebei Xuzhuang Coal Mine
China,Shaanxi Lijiazhuo Coal Mine
China,Xiaolongtan Surface Coal Mine
China,Inner Mongolia Jungar Banner Chuanfa Coal Mine
China,Inner Mongolia Jungar Banner Xiliang Coal Mine
China,Inner Mongolia Xinyuan Coal Mine
China,Inner Mongolia Jungar Banner Gongjiata Coal Mine
China,Guizhou Sihai Coal Mine
China,Guizhou Zhezhuang Coal Mine Surface Project
China,Guizhou Jinxiang Coal Mine Surface Project
China,Guizhou Liuhuangpo Coal Mine Surface Project
USA,Atlas Anthracite Coal Mine
USA,Banks Bank Coal Mine
USA,Bell Corp Mine
USA,Big Mountain Anthracite 1 Pit
USA,Blue Ridge Coal Mine
USA,Brownsville Coal Mine
USA,Buck Run P-8 P-10 Mine
USA,Crystal Strip Mine
USA,E O J Strip Mine
USA,Eagle Hill Strip Mine
USA,Glen Lyon Operation
USA,Good Spring South Mine
USA,Greenwood Coal Mine
USA,Hazleton Shaft Coal Mine
USA,Hynoski Bros Shenandoah Strip Mine
USA,Jett 2 Stripping Mine
USA,K K Strip Coal Mine
USA,Kuperavage - Tuscarora Coal Mine
USA,Lattimer Division Coal Mine
USA,Locust Summit Strip Mine
USA,Logan Surface Mine
USA,Mahanoy City Stripping Mine
USA,Mid Port Strip Mine
USA,Morris Ridge Strip Mine
USA,Mountain Top Anthracite Mine
USA,Mustang Stripping Mine
USA,Park Mine Coal Mine
USA,Premium Fine Coal Mine
USA,Selkirk 2 Coal Mine
USA,Serill Strip Mine
USA,Sherman Mountain Coal Strip Mine
USA,Spring Mountain Strip Coal Mine
USA,Trevorton Strip Mine
USA,West End Coal Mine
USA,Zerbe 10 Coal Mine
Indonesia,Karyan Manunggal Coal Mine
Russia,Kolyvansky Coal Mine
Russia,Kolyvansky Coal Mine
Russia,Vostochny Coal Mine
Russia,Vostochny Coal Mine
Russia,Vostokugol-Dikson Coal Mine
United States,Mt. Carmel Coal Mine
United States,Continental Strip Coal Mine
United States,West Spring Energy Coal Mine
United States,Primrose Operation
United States,Wadesville P-33 Coal Mine
United States,Ellangowan Stripping Coal Mine
United States,Tamaqua Coal Mine
United States,Hazleton Shaft South Coal Mine
India,Damagoria
India,Kusmunda
India,Jampali
India,CHITRA EAST
India,LAKHIMATA
India,KAPASARA
India,SALANPUR
India,BHOWRAH(NORTH)
India,COLLIERY(ABGC)
India,AMALGAMATED DHANSAR. INOUSTRY.
India,COLLIERY
India,(NAKC)
India,COLLIERY
India,COLLY
India,BHURKUNDA�OC
India,KARMA
India,LAIYO
India,URIMARI
India,TAPIN
India,KARO SPL
India,KARO - I
India,KABRIBAD
India,PURNADIH
India,MAGADH
India,SASTI OC
India,JUNA KUNADA
India,"MUNGOLI NIRGUDA EXTN, DEEP"
India,WAGHODA
India,MAKARDHOKRA-III / DINESH
India,JHINGURDA
India,CHHATARPUR-I
China,Shuiquan Surface Coal Mine
China,Ruiguang Coal Mine
China,Hengbo Coal Mine
China,Xingheng Coal Mine
China,Mo'ergou Coal Mine
China,Yangbaoqu Coal Mine
China,Houwenjialiang Coal Mine
China,Chaokai Surface Coal Mine
China,Desheng No.2 Coal Mine
China,Desheng No. 3 Coal Mine
China,Dianshigou Surface Coal Mine
China,Gulianhe Surface Coal Mine
China,Haolailiang Caol Mine
China,Heshun Lvxin Coal Mine
China,Huagou Surface Coal Mine
China,Jiadong Coal Mine
China,Jiaxinde Coal Mine
China,Liulingou Coal Mine
China,Manlailiang Surface Mine
China,Maoergou Coal Mine
China,Naolinmiao Coal Mine No.1 Well
China,Piliqing Surface Coal Mine
China,Qinghua Surface Coal Mine
China,Rongheng Surface Mine
China,Ruide Coal Mine
China,Sunsangou Coal Mine
China,Tonghua Coal Mine
China,Xinxin Coal Mine
China,Hedong Baijialiang Coal Mine
China,Inner Mongolia Xilaifeng Coal Mine
China,Inner Mongolia Jungar Banner Sujiagou Coal Mine
China,Inner Mongolia Dalat Banner Yangchang Coal Mine
China,Inner Mongolia Ejin Horo Banner Xiao Nalingou Coal Mine
China,Inner Mongolia Ejin Horo Banner Xinglong Coal Mine
China,Inner Mongolia Ejin Horo Banner Balong Tugou Coal Mine
China,Inner Mongolia Qingsheng Coal Mine
China,Inner Mongolia Jungar Banner Dongda Coal Mine
China,Inner Mongolia Anlian Coal Mine
China,Inner Mongolia Wuhai Wanyuan Surface Coal Mine
China,Inner Mongolia Wuhai Zhongke Baocheng Coal Mine
China,Inner Mongolia Ordos Nalinmiao Coal Mine
China,Liaoning Fushun Mining Group Dong Surface Mine
China,Xinjiang Qitai Beitashan Coal Mine
China,Xinjiang Heishantou Surface Mine
China,Baotou Energy Shenshan Coal Mine
China,Shanxi Xiyang Beiping Coal Mine
China,Inner Mongolia Dalat Banner  Li Wuxing Coal Mine
China,Inner Mongolia Dalat Banner  Gaotouyao Coal Mine
China,Inner Mongolia Ejin Horo Banner Delong Coal Mine
China,Inner Mongolia Dalat Banner  Fengshengkui Coal Mine
China,Inner Mongolia Ordos Yihong Coal Mine
China,Inner Mongolia Jungar Banner Dashiquan Coal Mine
China,Inner Mongolia Cuiergezui Coal Mine
China,Inner Mongolia Yiyuan Coal Mine
China,Inner Mongolia Ordos Zhangjialiang Coal Mine
China,Inner Mongolia Ordos Bayin Mengke Coal Mine
China,Inner Mongolia Jungar Banner Zhaoerchengqu Coal Mine
China,Inner Mongolia Jungar Banner Gaoxigou Coal Mine
China,Inner Mongolia Otog Banner Ergetu Coal Mine
China,Inner Mongolia Lida Coal Mine
China,Inner Mongolia Ordos Luotuoshan Coal Mine
China,Inner Mongolia Zhifu Coal Mine
China,Inner Mongolia Qingshuihe Tianci Coal Mine
China,Inner Mongolia Qingshuihe Liuhuliang Coal Mine
China,Inner Mongolia Tumut Right Banner Manqiaogou Coal Mine
China,Inner Mongolia Tumut Right Banner Dashun Coal Mine
China,Inner Mongolia Damiaoqu Coal Mine
China,Inner Mongolia Wulanqu Coal Mine
China,Inner Mongolia Jungar Banner Shilian Coal Mine
China,Jungar Banner Zhuozheng Coal Mine
China,Inner Mongolia Otog Banner Chenguang Coal Mine
China,Inner Mongolia Otog Banner Dongchen Coal Mine
China,Inner Mongolia Otog Banner Jinou Coal Mine
China,Inner Mongolia Baofeng Coal Mine
China,Inner Mongolia Otog Banner Xinsheng Coal Mine
China,Inner Mongolia Huawu Coal Mine
China,Inner Mongolia Ejin Horo Banner Changqing Coal Mine
China,Inner Mongolia Ejin Horo Banner Huanengjing Coal Mine
China,Inner Mongolia Tongfu Coal Mine
China,Inner Mongolia Otog Bannerr Xinya Coal Mine
China,Inner Mongolia Otog Banner Bayin Wusu Coal Mine
China,Inner Mongolia Ordos Jinbang Coal Mine
China,Inner Mongolia Baocheng Coal Mine
China,Inner Mongolia Dalat Banner Hanggaigou Coal Mine
China,Inner Mongolia Otog Banner Dongchen Huitong Coal Mine
China,Inner Mongolia Yanjiata Coal Mine
China,Inner Mongolia Xingwang Coal Mine
China,Inner Mongolia Tumut Right Banner Santian Coal Mine
China,Inner Mongolia Jintai Chuanhong Coal Mine
China,Inner Mongolia Tiandi Xilin Coal Mine
China,Inner Mongolia East Ujimqin Banner Amuguleng
China,Inner Mongolia Wuhai Tongda Coal Mine
China,Inner Mongolia Jungar Banner Zhongxing Coal Mine
China,Inner Mongolia Hulunbuir Yaxing  Coal Mine
China,Inner Mongolia Otog Banner Maogetu Coal Mine
China,Xinjiang Baicheng Surahema Coal Mine
China,Liaoning Meihekou Coal Mine
China,Yunnan Shizong Chaoyang Coal Mine No.1 Shaft
China,Shanxi Yongxing Surface Coal Mine
China,Xinjiang Jiangjun Gebi No. 1 Coal Mine
China,Xinjiang Hongshaquan No. 2 Surface Mine
China,Xinjiang Kumtag Mining Area No. 1 Surface Coal Mine
China,Xinjiang Yitai Yili Coal Mine
China,Xinjiang Sha'erhu Mining Area No. 9 Surface Coal Mine
China,Xinjiang Sha'erhu Mining Area No. 5 Surface Coal Mine
China,Xinjiang Sha'erhu Mining Area No. 2 Surface Coal Mine
China,Xinjiang Chahaquan No. 1 Surface Coal Mine
China,Xinjiang Wucaiwan No. 4 Surface Coal Mine
China,Inner Mongolia Wulanqu Surface Coal Mine
China,Guizhou Yangshan Coal Mine Surface Project
China,Guizhou Dawan Coal Mine c
China,Guizhou Mayidong No.1 Coal Mine Surface Project
China,Guizhou Huangjiashan Surface Coal Mine
China,Yunnan Longtantian Coal Mine
China,Shaanxi Dong'an Coal Mine
China,Ningxia Liujiagouwan Coal Mine (Surface Part)
China,Xinjiang Muchang Surface Coal Mine
USA,#1 Strip Mine
USA,#57 Miner Coal Mine
USA,3139 Coal Mine
USA,3163 Coal Mine
USA,3165 Coal Mine
USA,A W Long Coal Mine
USA,A23 Job 58 Coal Mine
USA,A24 Coal Mine
USA,ADC Pit 008 Coal Mine
USA,Addcar System 18 HWM Coal Mine
USA,Addcar System 40 HWM Coal Mine
USA,Advanced Restoration Technologies -1 Coal Mine
USA,AHM Coal Mac Mine #1
USA,Airport Surface Mine
USA,Aldridge Coal Mine
USA,Alum Cave 17 Coal Mine
USA,Ancient Sun Strip Saylor-McKinney Mine
USA,Antioch Coal Mine
USA,Auger #1 Coal Mine
USA,Auger #2 Coal Mine
USA,Auger 11 Coal Mine
USA,Auger 3152 Coal Mine
USA,Auger A-1 Coal Mine
USA,Auger No. 2 Coal Mine
USA,Auger No. 29 Coal Mine
USA,Baden 1 Mine
USA,Bailey Creek Mine
USA,BAM 3 Auger Coal Mine
USA,BAM 7 Auger Coal Mine
USA,BCR Coal Mine #1
USA,Beachley Strip Mine
USA,Beech Creek Surface Mine #2
USA,Bell Resources Mine
USA,Bent Mountain Surface Mine #2
USA,Bevins Branch Surface Mine
USA,Big D 3 Coal Mine
USA,Big Pine Mine
USA,Blue Knob Surface Mine
USA,Boone North No. 1 Surface Coal Mine
USA,Brakefield 1 Mine
USA,Buckingham Surface Coal Mine
USA,CCU Tuscarawas Strip Mine
USA,CE#2 Surface Mine
USA,CE#3 Coal Mine
USA,Charger Mine East
USA,CHM 48 Coal Mine
USA,Coal Mountain No 1 Surface Mine
USA,Cobra No.1 Coal Mine
USA,Condor Coal Mine
USA,Corbet South Mine
USA,Craighead Mine
USA,Cranks Creek Coal Mine
USA,CV#37 Auger Miner
USA,CV#4 Surface Mine
USA,CV30 Mine
USA,Deerlick West Mine
USA,Driscoll Hollow Mine
USA,Dutton Hill Mine No. 2
USA,Eagle Surface Mine
USA,East Mac & Nellie Mine
USA,Edwight Surface Mine
USA,Elk Creek Surface Mine
USA,Fay Penn 1 Mine
USA,Fedscreek Surface Mine
USA,Ferko Strip Mine
USA,Fieg Bros Coal Mine
USA,Flint Hill Mine
USA,Four Mile Mine
USA,Gemini Surface Mine
USA,Highwall Miner 1 Mine
USA,Highwall Miner 2
USA,Hominy 2 Surface Mine
USA,Hominy 1 Surface Mine
USA,Hoover Job Mine
USA,Horton Strips Mine
USA,Huffman Fk. Mine
USA,HWM 73 Coal Mine
USA,HWM 58 Coal Mine
USA,Hyden Development East 1 Mine
USA,Island Creek 1 Mine
USA,Jeffrey HWM Mine
USA,Job #58 Mine
USA,Joes Run Auger No. 26
USA,John Poe Coal Mine
USA,Joshua Coal Mine
USA,Josie No. 3 Mine
USA,K & A Strips Mine
USA,K-7 Coal Mine
USA,Kasubick 4 Mine
USA,Kellar 2 Mine
USA,Kellar 3 Mine
USA,King 1 Coal Mine
USA,Liberty Management 8 Mine
USA,Lowsplint Surface Mine
USA,Manchester Complex
USA,McCollum Mine
USA,Mellon 5 Coal Mine
USA,Metech 102 Coal Mine
USA,Mine 3 Coal Mine
USA,Mine No. 1 (PA)
USA,Mine No. 1 (WV)
USA,Mountaineer 1 Mine
USA,NEV 1 Coal Mine
USA,Newhall Surface Mine No. 2
USA,No. 1 Strip Mine (G&S)
USA,No. 1 Surface Mine (MD)
USA,No. 1 Surface Mine (WV)
USA,No. 3 Mine
USA,No. 4 Mine
USA,Noble Coal Mine 2
USA,OAM 40 Coal Mine
USA,Piney Branch Surface Mine
USA,Pocahontas Highwall Mine
USA,Pocahontas Hwm 53 Coal Mine
USA,Potomac-North Mine
USA,Pratt No.1 Coal Mine
USA,RCR 1 Coal Mine
USA,Reese No 1 & 2 Strip Mine
USA,Richards Mine
USA,River Hill Coal Mine
USA,Rockton/Shaffer Mine
USA,Salem Auger #41 Mine
USA,Salem Auger No. 28 Mine
USA,Salem Auger No. 54 Mine
USA,Saylor Coal Mine
USA,Shamrock Mine
USA,Shawver Operation Mine
USA,SHM 67 Coal Mine
USA,SHM 06 Highwall Mine
USA,SHM 1 Coal Mine
USA,SHM 12 Highwall Miner Mine
USA,SHM 46 Highwall Mine
USA,SHM-14 Coal Mine
USA,SHM-70 Coal Mine
USA,SHM-75 Coal Mine
USA,SHM-82 Coal Mine
USA,Skyway II Mine
USA,Skyway III Mine
USA,Sloan Mountain No. 3
USA,Southeastern Auger No. 1 Mine
USA,Stave Hollow Mine
USA,Stonecreek Coal Mine
USA,Sturgeon Freeman Fork Mine
USA,Surface 4 Coal Mine
USA,Swann's Crossing Mine
USA,T & B Strip Mine
USA,Tackett Creek 2 Coal Mine
USA,Trace Fork Coal Mine
USA,True Energy Fuels Mine No. 2
USA,Virginia Point No. 1 Surface Mine
USA,Walker Coal Mine (MD)
USA,Waroquier 1 Mine
USA,Weller Coal Mine
USA,White Oak Coal Mine (KY)
USA,Wilburn Coal Mine
USA,Windmillgap Surface Mine
USA,Witcher Creek Surface Mine
USA,Wolf Mountain Coal-Spring Creek Mine
USA,Woolridge 4 Coal Mine
USA,Worthville Coal Mine
USA,Wymps Gap Surface Coal Mine
USA,Yenzi Strip 3 Coal Mine
China,Inner Mongolia Ordos Taisheng Coal Mine
China,Inner Mongolia Ningfa No.1 Coal Mine
China,Heilongjiang Heihe Heibaoshan Coal Mine
China,Liaoning Xilutian Surface Coal Mine
Indonesia,ABB Coal Mine
Indonesia,Bumi Barito Mineral Coal Mine
Indonesia,GAM Coal Mine
Indonesia,KPC Operation Coal Mine
Indonesia,Tambang Damai Coal Mine
Indonesia,MPP Coal Mine
Indonesia,Satui Coal Mine
Kazakhstan,Bogatyr Coal Mine (Kazakhstan)
Kazakhstan,Bogatyr Coal Mine (Kazakhstan)
Kazakhstan,Kuu-Check Coal Mine
Kazakhstan,Severny Coal Mine
Kazakhstan,Severny Coal Mine
Kazakhstan,Vostochny Coal Mine (Kazakhstan)
Mongolia,Baganuur Coal Mine
Mongolia,Baruun Naran Coal Mine
Mongolia,Khushuut Coal Mine
Mongolia,Nariin Sukhait Coal Mine
Mongolia,Nuurstei Coal Mine
Mongolia,Ovoot Tolgoi Coal Mine
Mongolia,Tavan Tolgoi Coal Mine
Mongolia,Ukhaa Khudag Coal Mine
Mozambique,Benga Coal Mine
Mozambique,Benga Coal Mine
Mozambique,Chirodzi Coal Mine
Mozambique,Chirodzi Coal Mine
Mozambique,Moatize Coal Mine
Mozambique,Revuboe Coal Mine
Mozambique,Zambezi Coal Mine
Russia,"Amaam North ""Project F"" Coal Mine"
Russia,"Amaam North ""Project F"" Coal Mine"
Russia,Apsatsky Coal Mine
Russia,Apsatsky Coal Mine
Russia,Bachatsky Coal Mine
Russia,Barzasskoye Tovarischestvo Coal Mine
Russia,Barzasskoye Tovarischestvo Coal Mine
Russia,Berezovsky Coal Mine
Russia,Bunguro-Listvyansky 2-4 Coal Mine
Russia,Tugnuisky Coal Mine
Russia,Tugnuisky Coal Mine
Russia,Chernigovets Coal Mine
Russia,Chernigovets Coal Mine
Russia,Elegest Coal Mine
Russia,Elginskiy Coal Mine
Russia,Elginskiy Coal Mine
Russia,Glushinsky Coal Mine
Russia,Inaglinsky Surface Coal Mine
Russia,Kaa-Khemsky Coal Mine
Russia,Kaa-Khemsky Coal Mine
Russia,Kamyshansky-West Coal Mine
Russia,Karakansky-Zapadny Coal Mine
Russia,Kedrovskiy Coal Mine
Russia,Kiyzassky Coal Mine
Russia,Kiyzassky Coal Mine
Russia,Krasnobrodsky Coal Mine
Russia,Krasnobrodsky Coal Mine
Russia,Krasnogorsk Coal Mine
Russia,Kuprinsky Coal Mine
Russia,Kusheyakovsky Novy Coal Mine
Russia,Neryungrinsky Coal Mine
Russia,Neryungrinsky Coal Mine
Russia,Novokazansky-2 Coal Mine
Russia,Omsukchan Coal Mine
Russia,Permyakovsky Coal Mine
Russia,Polyany Coal Mine
Russia,Polyany Coal Mine
Russia,Pravoberezhny Coal Mine
Russia,Pravoberezhny Coal Mine
Russia,Pravoberezhny Coal Mine
Russia,Razrez Raspadsky Coal Mine
Russia,Rechnoy Coal Mine
Russia,Shestaki Coal Mine
Russia,Sibirginsky Surface Coal Mine
Russia,Sinklinalny 2 Coal Mine
Russia,Sugodinsk-Ogodzhinsky Coal Mine
Russia,Sugodinsk-Ogodzhinsky Coal Mine
Russia,Taldinsky Coal Mine
Russia,Koksovy Kiselyovsk Coal Mine
Russia,Verkhneteshsky Coal Mine
Russia,Vostochny (Salek) Coal Mine
Russia,Syradasaysky Coal Mine
Russia,Syradasaysky Coal Mine
Russia,Zarechny Coal Mine
Russia,Zashulansky Coal Mine
Russia,Zashulansky Coal Mine
South Africa,Alexander Coal Project
South Africa,Berenice-Cygnus Coal Mine
South Africa,Boikarabelo Coal Mine
South Africa,Eloff Coal Project
South Africa,Goedgevonden Coal Mine
South Africa,Grootegeluk Coal Mine
South Africa,Isibonelo Coal Mine
South Africa,Iyanga Coal Mine Cluster
South Africa,Khanyisa Colliery
South Africa,Khwezela Coal Mine
South Africa,Khwezela Coal Mine
South Africa,Klipspruit Coal Mine
South Africa,Mafube Colliery
South Africa,Makhado Coal Mine
South Africa,Makhado Coal Mine
South Africa,Moabsvelden Coal Mine
South Africa,New Largo Coal Mine
South Africa,New Vaal Coal Mine
South Africa,Rirhandzu Colliery
South Africa,Stuart Colliery
South Africa,Vele Colliery
South Africa,Middelburg Mining Services (MMS)
Indonesia,Arantiga Coal Mine
Indonesia,BPA Coal Mine
Indonesia,DKB Coal Mine
Indonesia,Kartika Selabumi Coal Mine
Indonesia,MCM Coal Mine
Indonesia,Megaprima Persada Coal Mine
Indonesia,Padang Mulia Coal Mine
Indonesia,Saptajaya Menjak Sengewari Coal Mine
Indonesia,Seluang Coal Mine
Indonesia,Senakin Coal Mine
Mongolia,Shinejinst Coal Mine
Russia,Bungursky-Severny Coal Mine
Russia,Denisovsky Surface Coal Mine
Russia,Korchakolsky Coal Mine
Russia,Korchakolsky Coal Mine
Russia,Kuznetsky Yuzhny Coal Mine
Russia,Kuznetsky Yuzhny Coal Mine
Russia,Kyrgaisky-Sredniy Coal Mine
Russia,Lokuchakitsky Coal Mine
Russia,Oktyabrinsky Coal Mine
Russia,Olzherassky Coal Mine
Russia,Olzherassky Coal Mine
Russia,Razrez Raspadsky Koksovy Mine
Russia,Stepanovsky Coal Mine
Russia,Stepanovsky Coal Mine
Russia,Syllakhsky Coal Mine
Russia,Taibinsky Coal Mine
Russia,Tailepsky Coal Mine
Russia,Ziryansky Coal Mine
South Africa,Dama Coal Mine
South Africa,Ikoti Coal Mine
South Africa,Modderfontein Colliery
South Africa,Ukufisa Colliery
South Africa,Woestalleen Colliery
Vietnam,Mine at Binh Minh
China,Wucaiwan Mining Area No.2 Surface Coal Mine
Canada,Elko Coal Mine
India,Rajapur-South Jharia Coal Mine
Mongolia,Ulaan Ovoo Coal Mine
South Africa,Eastside Colliery
United States,Little Spring Creek Mine
United States,Yellow Creek #21 Coal Mine
United States,S-28 Lewis Creek Coal Mine
United States,S-17 Cumberland Coal Mine
United States,Rob Fork Contour Coal Mine
United States,Long Fork Surface No.12 Mine
United States,Sands Hill Strip Coal Mine
United States,Southern Division Strip Coal Mine
United States,No. 2 Coal Mine
United States,Sycamore Surface Mine
United States,Lost Flat Surface Mine
United States,Rocky Run Surface Mine
United States,North Surface Coal Mine
United States,SHM-44 Coal Mine
United States,Hilsmeyer Coal Mine
United States,Murry Creek Surface Mine
United States,No. 2 Contour & Auger Coal Mine
United States,EPB Strip Coal Mine
India,Gopalichak Coal Mine
United States,Narley Coal Mine
United States,Walker Coal Mine
United States,McClure Strip Mine
United States,Spruce Pine Coal Mine
United States,Samples Mine Highwall Coal Mine
United States,Coal Loaders Coal Mine
United States,SHM-10 Coal Mine
United States,Minway No. 1 Coal Mine
United States,Apollo Surface Mine
Mexico,Nueva Rosita Coal Mine
United States,Pocahontas Hwm 52 Coal Mine
United States,Solomon Run Coal Mine
United States,"Searles No. 2, 3, 4, 5, 6 Coal Mines"
United States,Superior Surface Mine
United States,Laurel Sand And Stone Coal Mine
United States,Hawkeye Coal Mine
United States,White Flame Surface Mine
United States,Aces Branch Coal Mine #9
United States,Red Fox Surface Mine
United States,Airport 1 Coal Mine
United States,RES Houtzdale Coal Mine
United States,Slate Creek Coal Mine
United States,Low Gap Surface Mine
United States,Job #49 Coal Mine
United States,Addcar Systems 03 Coal Mine
United States,CAM Highwall Coal Mine
United States,Carlos Surface Coal Mine
United States,RES Shawville Coal Mine
United States,Seven Pines Coal Mine
United States,Shannon No. 3 Coal Mine
United States,Ram Surface Mine No. 1
United States,SHM-71 Coal Mine
United States,Foster South Coal Mine
United States,Barrackville Coal Refuse Pile
United States,Mast Coal Mine
United States,Fisher Coal Mine
United States,Tasara Strip Coal Mine
United States,Job #3 Coal Mine
United States,No. 26 Strip Coal Mine
United States,Highwall Miner No.1
United States,Cabin Run Coal Mine
United States,CCU Belmont Strip Coal Mine
United States,Choctaw Mine Coal Mine
United States,Black Warrior Mine No. 1
United States,Flat Top Coal Mine
United States,Long Branch Surface Mine
United States,RES Morrisdale Coal Mine
United States,Ace In The Hole Coal Mine
United States,Job 5 Coal Mine
India,Gondudih Khas Kusunda Coal Mine
United States,Twilight Mtr Surface Mine
United States,Black Hawk Coal Mine
United States,Laurel Branch Surface Mine
United States,Mine No. 1 (IL)
United States,Golden Eagle Mine
United States,Grapevine South Surface Mine
India,Kankanee Coal Mine
United States,Orange Strip Coal Mine
United States,Tom Bailey Branch Surface Mine
Russia,Nekkovy Coal Mine
United States,Dry Branch Surface Mine
India,East Bassuriya Coal Mine
United States,Kuhn Ridge Coal Mine
India,Nichitpur Coal Mine
United States,Mine No. 6
India,Gourangdih
India,Dipka
India,Jitpur (CAPTIVE)
India,KUMARDHUBI
India,�CHAPAPUR -II�
India,BHAGABAND
India,MOONIDIH PROJECT
India,SENDRA BANSJORA
India,ENA
India,BASANTIMATA-DAHIBARI COLLIERY
India,WEST MUDIDIH COLLIERY
India,KUYA /KOCP
India,C. SAUNDA
India,KUJU
India,PAREJ EAST
India,N. URIMARI(BIRSA)
India,Pakri Barwadih Coal Mine Project (CAPTIVE)
India,KATHARA
India,AKK OCP
India,CHURI
India,ASHOKA
India,TETARIA KHAR
India,NEW MAJRI UG TO OC
India,KOLGAON
India,UMRER EXPN. (AMB RIVER
India,AMLOHRI
India,SHOBHAPUR
China,Bao'erhu Shugaobu Coal Mine
China,Baorihushuo Coal Mine
China,Inner Mongolia Jungar Banner Yangjiaqu Coal Mine
China,Yunnan Xianfeng Surface Coal Mine
China,Inner Mongolia Wunite Coal Mine
China,Inner Mongolia Dalat Banner  Wuhua Coal Mine
China,Inner Mongolia Ordos Juxinlong Coal Mine
China,Inner Mongolia Jungar Banner Wujialiang Coal Mine
China,Inner Mongolia Babaogou Coal Mine
China,Inner Mongolia Dalat Banner  Chuangxin Coal Mine
China,Inner Mongolia Chuangye Coal Mine
China,Inner Mongolia Xilingol League Chagan Tolgoi Coal Mine
China,Heilongjiang Heihe Sanjitun Coal Mine
China,Heilongjiang Oupu Coal Mine
China,Yunnan Zaojiao Coal Mine
China,Guizhou Guojiashan Coal Mine
China,Gansu Tuludong Surface Coal Mine
China,Yunnan Shicaohe Coal Mine
USA,Liberty Mine
Indonesia,AGM Coal Mine
Indonesia,MIP Coal Mine
Indonesia,Pakar North Coal Mine
Indonesia,TIA Coal Mine
Kazakhstan,Maikubensky Coal Mine
Kazakhstan,Maikubensky Coal Mine
Kosovo,Sibovc Coal Mine
Laos,Hongsa Coal Mine
Mongolia,Buuruljuut Coal Mine
Niger,Salkadamna Coal Mine
North Macedonia,Brod-Gneotino Coal Mine
North Macedonia,Suvodol Coal Mine
Pakistan,Thar Coal Mine
Pakistan,Thar Coal Mine
Poland,KWB Be?chat�w Coal Mine
Poland,Konin Coal Mines
Poland,Turow Coal Mine
Poland,Turow Coal Mine
Poland,Zloczew Coal Mine
Romania,Oltenia Energy Complex
Russia,Berezovsky 1 Coal Mine
Russia,Borodinsky Coal Mine
Russia,Borodinsky Coal Mine
Russia,Erkovetskiy Coal Mine
Russia,Kharanorsky Coal Mine
Russia,Pereyaslovskiy Coal Mine
Serbia,Drmno Coal Mine
Serbia,Drmno Coal Mine
T�rkiye,Bolu G�yn�k Coal Mine
T�rkiye,Bursa Coal Mine
T�rkiye,Can Coal Mine
T�rkiye,�ay?rhan Coal Mine
T�rkiye,�?rp?lar Coal Mine
T�rkiye,Seyitomer Coal Mine
T�rkiye,Sivas Kangal Coal Mine
T�rkiye,South Aegean Coal Mines
T�rkiye,Tufanbeyli Coal Mine
T�rkiye,Tuncbilek Coal Mine
Indonesia,Asia Multi Investama Coal Mine
Indonesia,Bebatu Coal Mine
Indonesia,DPS Coal Mine
Indonesia,Rizqi Utama Indobara Coal Mine
Kazakhstan,Kumyskuduk Coal Mine
North Macedonia,Oslomej Coal Mine
Russia,Kansky Coal Mine
Russia,Kutinsky Coal Mine
Russia,Kutinsky Coal Mine
Russia,Luchegorsky Coal Mine
Russia,Luchegorsky Coal Mine
Russia,Munaysky Coal Mine
Russia,Palanskoye Coal Mine
Russia,Ureisky Coal Mine
Russia,Ureisky Coal Mine
Russia,Zagustaisky Coal Mine
China,West No. 3 Surface Coal Mine
India,Umarsar Lignite Mine
India,Mata No Madh Lignite Coal Mine
Uzbekistan,Apartak Coal Mine
India,Khadsaliya Lignite Mine
United States,Marshall Coal Mine
India,Giral Coal Mine
United States,Five Forks Coal Mine
United States,Savage Coal Mine
India,Vastan Lignite Mine
India,Sonari Coal Mine
India,Matasukh & Kasnau Coal Mine
Germany,Amsdorf Coal Mine
United States,Beulah Coal Mine
India,Bhavnagar Lignite Mine
India,Bhavnagar Lignite Mine
India,Tara(East and West)
India,Barjora
India,Jambad OC
India,Khotadih
India,Amgaon
India,Manikpur
India,Bijari
India,Baroud
India,RAJMAHAL
India,�BADJNA�
India,RAJPURA
India,KHARKAREE
India,KB 10/12 PITS UG
India,AMALGAMATED BOCP MINE
India,BANSDEOPUR
India,ROCP
India,PHULARITAND
India,TETULMARI
India,Jharia Division
India,SARUBERA/CHAINPUR
India,HESAGARA
India,RAJRAPPA
India,GIDI 'C'�
India,Bermo coal mine (CAPTIVE)
India,GOVINDPUR PH.II
India,SEL. DHORI
India,KDH
India,AMRAPALI
India,NANDGAON INCL
India,DURGAPUR
India,BALLARPUR OC
India,NEW MAJRI - II (A) EXPN
India,"AMALG, YEKONA I& II"
India,PENGANGA
India,MURPAR
India,BELLORA-NAIGAON DEEP
India,RAJUR/BHANDEWADA INC
India,PIMPALGAON
India,SAONER-III
India,BHANEGAON
India,ADASA UG TO OC
India,GOKUL
India,Belgaon (CAPTIVE)
India,BLOCK - B
India,TAWA.I
USA,Addcar System 16 Coal Mine
Indonesia,ABK Coal Mines
Indonesia,ABN Coal Mine
Indonesia,ABP Coal Mine
Indonesia,Agung Bara Prima Coal Mine
Indonesia,Anzawara Satria Coal Mine
Indonesia,Asam-Asam Coal Mine
Indonesia,Batulicin Coal Mine
Indonesia,Bharinto Ekatama Coal Mine
Indonesia,Borneo Indobara Coal Mine
Indonesia,Binungan Coal Mine
Indonesia,BRE Coal Mine
Indonesia,BUPR Coal Mine
Indonesia,Cahaya Energi Mandiri Coal Mine
Indonesia,DGL Coal Mine
Indonesia,DMC Coal Mine
Indonesia,Tabang Project Coal Mines
Indonesia,IBP Coal Mine
Indonesia,Indexim Coalindo Coal Mine
Indonesia,Indominco Mandiri Coal Mine
Indonesia,Jangkar Prima Coal Mine
Indonesia,Jembayan Coal Mine
Indonesia,Kintap Coal Mine
Indonesia,Lati Coal Mine
Indonesia,LCP Coal Mine
Indonesia,Mantimin Coal Mine
Indonesia,MHU Coal Mine
Indonesia,Mifa Bersaudara Coal Mine
Indonesia,MIP Adaro Coal Mine
Indonesia,MIP Adaro Coal Mine
Indonesia,Paringin Coal Mine
Indonesia,Pasir Coal Mine
Indonesia,PCS Coal Mine
Indonesia,PIK Coal Mine
Indonesia,PTKR Coal Mine
Indonesia,Putri Ahdadia Coal Mine
Indonesia,REM Coal Mine
Indonesia,Sambarata Coal Mine
Indonesia,Sebuku Coal Mine
Indonesia,SEM Coal Mine
Indonesia,Singlurus Pratama Coal Mine
Indonesia,TBH Coal Mine
Indonesia,TOP Coal Mine
Indonesia,Tutupan Coal Mine
Indonesia,Wara Coal Mine
Indonesia,WBM Coal Mine
Indonesia,Lanna Harita Coal Mine
Indonesia,MSJ Coal Mine
Indonesia,Mulia Coal Mine
Indonesia,PMU Coal Mine
Indonesia,Trubaindo Coal Mine
Kazakhstan,Shubarkol Centralny Coal Mine
Kazakhstan,Shubarkol Centralny Coal Mine
Mozambique,Benga Coal Mine
Mozambique,Benga Coal Mine
Mozambique,Ncondezi Coal Mine
Philippines,Molave-Narra Coal Mine
Philippines,Semirara Molave Coal Project
Russia,Arshanovsky Coal Mine
Russia,Arshanovsky Coal Mine
Russia,Beisky-Zapadniy Coal Mine
Russia,Bryansky Coal Mine
Russia,Cheremshansky Coal Mine
Russia,Cheremshansky Coal Mine
Russia,Chernogorsky Coal Mine
Russia,Chernogorsky Coal Mine
Russia,Kamyshansky Coal Mine
Russia,Karakansky-South Coal Mine
Russia,Karakansky-Zapadny Coal Mine
Russia,Kirbinskiy Coal Mine
Russia,Kirbinskiy Coal Mine
Russia,Kirbinskiy Coal Mine
Russia,Mayrykhsky Coal Mine
Russia,Mayrykhsky Coal Mine
Russia,Mokhovsky Coal Mine
Russia,Pervomaisky Coal Mine
Russia,Pervomaisky Coal Mine
Russia,Solntsevsky Coal Mine
Russia,Solntsevsky Coal Mine
Russia,Stepnoy Coal Mine
Russia,Taldinsky-Zapadny Surface Coal Mine
Russia,Vinogradovsky Coal Mine
Russia,Vostochno-Beisky Coal Mine
Russia,Vostochno-Beisky Coal Mine
South Africa,Belfast Coal Mine
South Africa,Leeuwpan Coal Mine
South Africa,Manungu Coal Mine
South Africa,North Block Complex
South Africa,Vanggatfontein Coal Mine
South Africa,Zonnebloem Coal Mine
Tanzania,Ngaka Coal Mine
Tanzania,Ngaka Coal Mine
Indonesia,AAAA Coal Mine
Indonesia,AAB Coal Mine
Indonesia,AAJ Coal Mine
Indonesia,ABJ Coal Mine
Indonesia,Aero Mandiri Coal Mine
Indonesia,AJI Coal Mine
Indonesia,AJP Coal Mine
Indonesia,Akbar 2 Coal Mine
Indonesia,Akbar Coal Mine
Indonesia,Akbar Mitra Jaya Coal Mine
Indonesia,ALE Coal Mine
Indonesia,Alhasanie Coal Mine
Indonesia,AMNK Coal Mine
Indonesia,Anggaraksa Adisarana Coal Mine
Indonesia,APC Coal Mine
Indonesia,APT Coal Mine
Indonesia,Ardi Utama Coal Mine
Indonesia,ARG Coal Mine
Indonesia,Arini Coal Mine
Indonesia,ARJ Coal Mine
Indonesia,ATM Coal Mine
Indonesia,ATU Coal Mine
Indonesia,AUJS Coal Mine
Indonesia,AWL Coal Mine
Indonesia,BAM Coal Mine
Indonesia,Bama Coal Mine
Indonesia,Bara Batin Pratama Coal Mine
Indonesia,Bara Mahakam Coal Mine
Indonesia,Baramega Berkah Utama Coal Mine
Indonesia,Baratama Coal Mine
Indonesia,Batubara Kalimanta Coal Mine
Indonesia,Batubara Lahat Coal Mine
Indonesia,BBA Coal Mine
Indonesia,BBAP Coal Mine
Indonesia,BBE Coal Mine
Indonesia,BBK Coal Mine
Indonesia,BBMM Coal Mine
Indonesia,Banjar Bumi Persada coal mine
Indonesia,BBU Coal Mine
Indonesia,BDA Coal Mine
Indonesia,BDMD Coal Mine
Indonesia,BEB Coal Mine
Indonesia,BEH Coal Mine
Indonesia,BEI Coal Mine
Indonesia,BEK Coal Mine
Indonesia,Bencoolen Coal Mine
Indonesia,Bengkulu Bio Energi Coal Mine
Indonesia,Berkat Bersujud Coal Mine
Indonesia,Berkat Bumi Persada Coal Mine
Indonesia,Bersama Alam Sentosa Coal Mine
Indonesia,Betuah Coal Mine
Indonesia,Binamitra Coal Mine
Indonesia,BIP Coal Mine
Indonesia,BJL Coal Mine
Indonesia,BJPE Coal Mine
Indonesia,BJU Coal Mine
Indonesia,BKP Coal Mine
Indonesia,BME Coal Mine
Indonesia,BML Coal Mine
Indonesia,BMQ Coal Mine
Indonesia,BMR Coal Mine
Indonesia,BMS Coal Mine
Indonesia,BN Coal Mine
Indonesia,BNJM Coal Mine
Indonesia,BNY Coal Mine
Indonesia,Borneo Prima Coal Mine
Indonesia,BPAC Coal Mine
Indonesia,BPEP Coal Mine
Indonesia,BPI Coal Mine
Indonesia,BPP Coal Mine
Indonesia,BRA Coal Mine
Indonesia,BRASU Coal Mine
Indonesia,BRCM Coal Mine
Indonesia,BSI Coal Mine
Indonesia,BSPC Coal Mine
Indonesia,BSS Coal Mine
Indonesia,BTP Coal Mine
Indonesia,BTU Coal Mine
Indonesia,BU Coal Mine
Indonesia,Buana Bara Ekapratama Coal Mine
Indonesia,Buana Karsatama Coal Mine
Indonesia,BUK Coal Mine
Indonesia,Bukit Telunjuk Coal Mine
Indonesia,Bumbun Coal Project
Indonesia,Bumi Enggang Khatulistiwa Coal Mine
Indonesia,Bumi Petangis Coal Mine
Indonesia,Bunda Kandung Coal Mine
Indonesia,BUP Coal Mine
Indonesia,CAS Coal Mine
Indonesia,CBP Coal Mine
Indonesia,CBS Coal Mine
Indonesia,CDE Coal Mine
Indonesia,CES Coal Mine
Indonesia,CG Coal Mine
Indonesia,Ciracap Sumber Prima Coal Mine
Indonesia,Citra Coal Mine
Indonesia,CJP Coal Mine
Indonesia,CKT Coal Mine
Indonesia,CPP Coal Mine
Indonesia,CSP Coal Mine
Indonesia,Danau Mashitam Coal Mine
Indonesia,DAS Coal Mine
Indonesia,DBK Coal Mine
Indonesia,DBS Coal Mine
Indonesia,DBU Coal Mine
Indonesia,Dmanka Coal Mine
Indonesia,DMP Coal Mine
Indonesia,DMS Coal Mine
Indonesia,DPP Coal Mine
Indonesia,DRP Coal Mine
Indonesia,DSAS Coal Mine
Indonesia,DTKB Coal Mine
Indonesia,DUM Coal Mine
Indonesia,Dutadharma Utama Coal Mine
Indonesia,Dwi Ghita Karay Mandiri Coal Mine
Indonesia,EBA Coal Mine
Indonesia,EBJM Coal Mine
Indonesia,EBT Coal Mine
Indonesia,ECI Coal Mine
Indonesia,EEM Coal Mine
Indonesia,Ekasatya Yanatama Coal Mine
Indonesia,Elynda Jaya Coal Mine
Indonesia,ESE Coal Mine
Indonesia,FMP Coal Mine
Indonesia,FRI Coal Mine
Indonesia,Gajah Mada Coal Mine
Indonesia,Ganda Alam Timur Coal Mine
Indonesia,GBR Coal Mine
Indonesia,GCFP Coal Mine
Indonesia,GIE Coal Mine
Indonesia,GPM Coal Mine
Indonesia,Gunung Limo Coal Mine
Indonesia,Gunung Sambung Coal Mine
Indonesia,HAA Coal Mine
Indonesia,Hamparan Mulya Coal Mine
Indonesia,Harindo Wahana Coal Mine
Indonesia,HHI Coal Mine
Indonesia,Hirzan Raya Coal Mine
Indonesia,IBAP Coal Mine
Indonesia,IBN Coal Mine
Indonesia,IKJ Coal Mine
Indonesia,IKM Coal Mine
Indonesia,IMM Coal Mine
Indonesia,Indra Berjaya Coal Mine
Indonesia,Injatama Coal Mine
Indonesia,Inti Bara Perdana Coal Mine
Indonesia,IPC Coal Mine
Indonesia,IRS Coal Mine
Indonesia,Jamrud Prima Citra Coal Mine
Indonesia,JAR Coal Mine
Indonesia,JDM Coal Mine
Indonesia,JMS Coal Mine
Indonesia,Jongkang II Coal Mine
Indonesia,JP Coal Mine
Indonesia,KAI Coal Mine
Indonesia,Kaltim Global Coal Mine
Indonesia,Kamalindo Sompurna Coal Mine
Indonesia,Karya Murni Coal Mine
Indonesia,Karya Silvi Coal Mine
Indonesia,KB Coal Mine
Indonesia,KBM Coal Mine
Indonesia,KBU Coal Mine
Indonesia,KCPI Coal Mine
Indonesia,KD Coal Mine
Indonesia,Kedap Sayaaq Coal Mine
Indonesia,KGB Coal Mine
Indonesia,KGLR Coal Mine
Indonesia,KH Coal Mine
Indonesia,KJ Coal Mine
Indonesia,KKA Coal Mine
Indonesia,KKE Coal Mine
Indonesia,KMB Coal Mine
Indonesia,Koetaindo Coal Mine
Indonesia,Komunitas Bangun Bersama Coal Mine
Indonesia,KRA Coal Mine
Indonesia,KUP Coal Mine
Indonesia,La Tahzan Coal Mine
Indonesia,Lembuswana Perkasa Coal Mine
Indonesia,Lestari Coal Mine
Indonesia,Limbuh Coal Mine
Indonesia,Luon Coal Project
Indonesia,Mada Perkasa Coal Mine
Indonesia,Madani Citra Mandiri Coal Mine
Indonesia,Madhucon Pasir Makmur Coal Mine
Indonesia,Makmur Bersama Coal Mine
Indonesia,Makmur Coal Mine
Indonesia,Mandiri Jaya Makmur Coal Mine
Indonesia,Mandiri Makmur Citra Tambang Coal Mine
Indonesia,Manggala Alam Lestari Coal Mine
Indonesia,Marga Perkasa Coal Mine
Indonesia,Marlin Serantau Alam Coal Mine
Indonesia,Maslapita Coal Mine
Indonesia,MEC Coal Mine
Indonesia,Mega Multi Energi Coal Mine
Indonesia,Megah Mulia Persada Jaya Coal Mine
Indonesia,Metalindo Bumi Raya Coal Mine
Indonesia,Mitra Anugrah Sejahtera Coal Mine
Indonesia,Mitra Energi Agung Coal Mine
Indonesia,MJA Coal Mine
Indonesia,MJE Coal Mine
Indonesia,MPK Coal Mine
Indonesia,MSTB Coal Mine
Indonesia,NBC Coal Mine
Indonesia,NBL Coal Mine
Indonesia,Nurul Hijrah Coal Mine
Indonesia,Padang Anugerah Coal Mine
Indonesia,PAR Coal Mine
Indonesia,PBB Coal Mine
Indonesia,PBSM Coal Mine
Indonesia,PBT Coal Mine
Indonesia,PCMU Coal Mine
Indonesia,Pengembangan Investasi Riau Coal Mine
Indonesia,Perkasa Energi Coal Mine
Indonesia,PGS Coal Mine
Indonesia,PGU Coal Mine
Indonesia,PHI Coal Mine
Indonesia,PI Coal Mine
Indonesia,PIR Coal Mine
Indonesia,PIS Coal Mine
Indonesia,PK Coal Mine
Indonesia,PM Coal Mine
Indonesia,PMC Coal Mine
Indonesia,PMM Coal Mine
Indonesia,PMSS Coal Mine
Indonesia,PMT Coal Mine
Indonesia,Praharana Muda Parama Coal Mine
Indonesia,PSPN Coal Mine
Indonesia,PTDN Coal Mine
Indonesia,PW Coal Mine
Indonesia,Rabani Corporindo Coal Mine
Indonesia,RDU Coal Mine
Indonesia,Restu Ibu Coal Mine
Indonesia,Rinjani Kartanegara Coal Mine
Indonesia,RMB Coal Mine
Indonesia,RPC Coal Mine
Indonesia,RS Coal Mine
Indonesia,Rukun Dadi Coal Mine
Indonesia,SAIM Coal Mine
Indonesia,Saraba Kawa Coal Mine
Indonesia,Sarana Usaha Coal Mine
Indonesia,Sarolangun Bara Prima Coal Mine
Indonesia,Sarolangun Prima Coal Mine
Indonesia,SB Coal Mine
Indonesia,SBA Coal Mine
Indonesia,SBB Coal Mine
Indonesia,SBE Coal Mine
Indonesia,SBJ Coal Mine
Indonesia,SBP Coal Mine
Indonesia,SCG Coal Mine
Indonesia,Seluma Prima Coal Mine
Indonesia,Semoga Surya Sentosa Coal Mine
Indonesia,Senamas Energindo Mulia Coal Mine
Indonesia,Sentosa Prima Coal Mine
Indonesia,Sinomast Coal Mine
Indonesia,SKS Coal Mine
Indonesia,SMG Coal Mine
Indonesia,SMS Coal Mine
Indonesia,SPC Coal Mine
Indonesia,SPH Coal Mine
Indonesia,SRE Coal Mine
Indonesia,SSDB Coal Mine
Indonesia,SSDK Coal Mine
Indonesia,SSP Coal Mine
Indonesia,STU Coal Mine
Indonesia,Suraindo Bara Coal Mine
Indonesia,Surya Anugrah Sejahtera Coal Mine
Indonesia,Surya Global Makmur Coal Mine
Indonesia,Tamarona Mas International Coal Mine
Indonesia,Tambang Bukit Tambi Coal Mine
Indonesia,TBB Coal Mine
Indonesia,Tebo Agung International Coal Mine
Indonesia,Tebo Batubara Investama Coal Mine
Indonesia,Tebo Prima Coal Mine
Indonesia,TER Coal Mine
Indonesia,TES Coal Mine
Indonesia,Tigadaya Minergy Coal Mine
Indonesia,TKS Coal Mine
Indonesia,TMJ Coal Mine
Indonesia,TMP Coal Mine
Indonesia,TMR Coal Mine
Indonesia,TMU Coal Mine
Indonesia,TSB Coal Mine
Indonesia,TTP Coal Mine
Indonesia,Tubindo Coal Mine
Indonesia,TUL Coal Mine
Indonesia,TUTB Coal Mine
Indonesia,UBJ Coal Mine
Indonesia,UKB Coal Mine
Indonesia,UKS Coal Mine
Indonesia,UMP Coal Mine
Indonesia,UN Coal Mine
Indonesia,VDTM Coal Mine
Indonesia,WBS Coal Mine
Indonesia,Winner Prima Sekata Coal Mine
Indonesia,WTB Coal Mine
Indonesia,Yamabhumi Palaka Coal Mine
Indonesia,Yastra Energy Coal Mine
Indonesia,YNH Coal Mine
Kazakhstan,Karazhyra Coal Mine
Kazakhstan,Shubarkol Premium Coal Mine
Kazakhstan,Shubarkol Premium Coal Mine
Kazakhstan,Shubarkol Zapadny Coal Mine
Kazakhstan,Shubarkol Zapadny Coal Mine
Russia,Boshnyakovsky Coal Mine
Russia,Cheremnova Coal Mine
Russia,TalTEK Section Coal Mine
Russia,Trudarmeisky Yuzhny Coal Mine
Russia,Zadubrovsky Novy Coal Mine
South Africa,Argent Colliery
South Africa,Arnot South
South Africa,Vaalbank Coal Mine
South Africa,Wildebeestfontein Colliery
Australia,Woori Coal Mine
Australia,Clifford Coal Mine
Australia,Elimatta Coal Mine
Australia,Wandoan Coal Project
Australia,Alpha Coal Project
India,Urimari Open Cast Coal Mine
India,Khotadih Coal Mine
India,Amalgamated Amlo Dhori Open Cast Mine
Russia,Zheronsky-Vereinsky Coal Mine
India,Kakri Coal Mine
India,Paoni-Il Coal Mine
Bosnia and Herzegovina,Ugljevik Coal Mine
India,Sirka Coal Mine
India,Urdhan Coal Mine
India,Kabribad Coal Mine
India,Kargali Open Cast Coal Mine
India,Chhendipara Coal Mine
India,Kolgaon Coal Mine
India,Rajhara Coal Mine
India,Pundi Coal Mine
India,Bermo Coal Mine
India,Pure Searsole Coal Mine
India,Dubeshwari OC Coal Mine
India,Tikak Colliery
India,Egara Coal Mine
India,Jagannathpur Coal Mine
India,Vishnupuri Coal Mine
India,Gouranoih Expansion Mine
India,Gidi - A Open Cast Coal Mine
India,Gare Palma IV 5 OC Coal Mine
India,Kathara Coal Mine
India,JK Nagar Coal Mine
India,Giridih Coal Mine
India,Parascole East & West Coal Mine
India,Nirsha OC Patch Coal Mine
India,Rajpura Coal Mine
India,Bokaro Opencast Coal Mine
India,KTK 8&8A Coal Mine
India,Marki Mangli Coal Mines
India,Tapin South Coal Mine
India,Kapasara Coal Mine
India,New Sethia Coal Mine
India,Gidi - C Open Cast Coal Mine
India,Bhanora West OC Coal Mine
India,Karma Coal Mine
India,Tapin Coal Mine
India,Dakra Bukbuka Coal Mine
India,Gare Palma IV 4 Coal Mine
India,Parej East Coal Mine
India,K. D. H. Coal Mine
India,Gouri Deep Coal Mine
India,Ghonsa Coal Mine
India,Ballarpur OC Coal Mine
India,North Searsole (East) Coal Mine
India,Gurha East Lignite Mine
India,Bonbahal Coal Mine
India,Bhanegaon Coal Mine
India,Kolarpimpri Coal Mine
Russia,Gornyak-1 Coal Mine
India,Dalurbandh
India,HINDUSTAN LALPETH
India,PATANSAONGI
China,Inner Mongolia Ordos Shentong Coal Mine
China,Heilongjiang Jianchang Coal Mine No.1 Well
China,Shaanxi Shenmu Shengxing Coal Mine
China,Shaanxi Shenmu Geliugou Coal Mine
China,Shaanxi Zichang Tianren Coal Mine
China,Shanxi Datong Xingwang Coal Mine
China,Shanxi Datong Dabeigou Coal Mine
China,Shanxi Yangquan Jinyu Coal Mine
China,Shanxi Pingding Guanyu Coal Mine
China,Shanxi Pingding Feifeng Coal Mine
China,Shanxi Yangquan Lujiacun Coal Mine
China,Shanxi Yangquan Chentong Coal Mine
China,Shanxi Xiangkuang Huipo Coal Mine
China,Guizhou Huahong Coal Mine
China,Shanxi Xinfeng Coal Mine
China,Yaozhai Coal Mine
China,Maidizhang Coal Mine
China,Longdingshan Coal Mine
China,Changzhi Xinjian Coal Mine
China,Baijigou Coal Mine
China,Baiping Coal Mine
China,Bao'an Coal Mine
China,Bide Tengqing Coal Mine
China,Bofang Coal Mine
China,Changgou Coal Mine
China,Changtai Coal Mine
China,Chaohua Coal Mine
China,Cheji Coal Mine
China,Dashucun Coal Mine
China,Datong Coal Mine
China,Dayang Coal Mine
China,Dongfeng Coal Mine
China,Duanshi Coal Mine
China,Faer Coal Mine
China,Fenghui Coal Mine
China,Fusheng Coal Mine
China,Gaocheng Coal Mine
China,Gouli Coal Mine
China,Guanwen Coal Mine
China,Guhanshan Coal Mine
China,Gulong Coal Mine
China,Guoerzhuang Coal Mine
China,Guzhuang Coal Mine
China,Hebi No. 3 Coal Mine
China,Hebi No. 6 Coal Mine
China,Hengyuan Coal Mine
China,Hongqi No. 1 Coal Mine
China,Hongshan Coal Mine
China,Hongxiang Coal Mine
China,Houcun Coal Mine
China,Huanglian Coal Mine
China,Huineng Coal Mine
China,Jinchen Coal Mine
China,Jinglu Coal Mine
China,Jinjia Coal Mine
China,Jinpushan Coal Mine
China,Jinsheng Yixin Coal Mine
China,Jiulishan Coal Mine
China,Liangdu Coal Mine
China,Lingzhida Coal Mine
China,Liyang Coal Mine
China,Lu'an Guozhuang Coal Mine
China,Lu'an Xiadian Coal Mine
China,Lutang Coal Mine
China,Maijie Coal Mine
China,Mengjin Coal Mine
China,Niushan Coal Mine
China,Pingshang Coal Mine
China,Pingyu No.1 Coal Mine
China,Qianhe Coal Mine
China,Qingciyao Coal Mine
China,Qinglong Coal Mine
China,Renlou Coal Mine
China,Shangshe Coal Mine
China,Shanmushu Coal Mine
China,Shengtai Coal Mine
China,Shenhuo Xinzhuang Coal Mine
China,Shenjiazhuang Coal Mine
China,Shiping No.1 Coal Mine
China,Sihe No.2 Coal Mine
China,Songshan Coal Mine
China,Sunjiagou Coal Mine
China,Tang'an Coal Mine
China,Tanyaoyu Coal Mine
China,Tenghui Coal Mine
China,Wangxingzhuang Coal Mine
China,Wangzhuang Coal Mine
China,Wenjiagou Coal Mine
China,Wujia Coal Mine
China,Wulunshan Coal Mine
China,Xiaoxi Coal Mine
China,Xima Coal Mine
China,Xindadi Coal Mine
China,Xinqiao Coal Mine
China,Xinyi Coal Mine
China,Xiongshan Coal Mine
China,Xuehu Coal Mine
China,Yankan Chengzhuang Coal Mine
China,Yaozhida Coal Mine
China,Yinying Coal Mine
China,Yiyuan Coal Mine
China,Yonghong Coal Mine
China,Yuci Beishan Coal Mine
China,Yuecheng Coal Mine
China,Yulong Coal Mine
China,Yunjialing Coal Mine
China,Zhaogu No.2 Coal Mine
China,Zhengcun Coal Mine
China,Zhongling Coal Mine No. 1 Shaft
China,Zhongmacun Coal Mine
China,Zhuaozhuang Coal Mine
China,Zhulinshan Coal Mine
China,Inner Mongolia Hushatu Coal Mine
China,Shanxi Yinjiagou Coal Mine
China,Shanxi Guanlingshan Coal Mine
China,Shanxi Qingwa Coal Mine
China,Shanxi Jiafeng Coal Mie
China,Shanxi Xindu Coal Mine
China,Shanxi Guangjinbao Coal Mine
China,Shanxi Jingxin Coal Mine
China,Shanxi Xigou Coal Mine
China,Shanxi Songyu Coal MIne
China,Shanxi Rundong Coal Mine
China,Shanxi Chongsheng Coal Mine
China,Shanxi Beiling Coal Mine
China,Shanxi Zhangjiagou Coal Mine
China,Shanxi Yangquan Tian'an Coal Mine
China,Shaanxi Fugu Gongnong Joint Coal Mine
China,Shanxi Jiujie Coal Mine
China,Shanxi Qinhe Group Yong'an Coal Mine
China,Shanxi Qinhe Group Nan'aosi Coal Mine
China,Shanxi Yangcheng Shancheng Coal Mine
China,Shanxi Yangcheng Daxi Coal Mine
China,Shanxi Nanhe Coal Mine
China,Shanxi Lutaishan Coal Mine
China,Shanxi Qinhe Group Jiuxin Coal Mine
China,Shanxi Zezhou Haitian Coal Mine
China,Shanxi Zezhou Weiding Coal Mine
China,Shanxi Qinshui Hudi Coal Mine
China,Shanxi Zezhou Yingsheng Coal Mine
China,Shanxi Shennong Coal Mine
China,Shanxi Lvliang Yachen Coal Mine
China,Shanxi Xiyang Leping Coal Mine
China,Shanxi Podi Coal Mine
China,Shanxi Weizizhen Coal Mine
China,Shanxi Hongtai Coal Mine
China,Shanxi Yangcheng Shangkong Coal Mine
China,Yunnan Fuyuan Xiongdong Coal Mine
China,Yunnan Fuyuan Xiongda Coal Mine
China,Yunnan Fuyuan Tianjing Coal Mine
China,Yunnan Dongyuan Zhujiawan Coal Mine
China,Yunnan Dongyuan Changling No.1 Coal Mine
China,Henan Chengjiao Coal Mine
China,Henan Shuohe Coal Mine
China,Henan Zhongmei Jiaoxue No.3 Coal Mine
China,Henan Dengfeng Qianxiang Coal Mine
China,Henan Zhengzhou Xinfeng Coal Mine
China,Henan Zhenghong Hengtai Xinmi Coal Mine
China,Henan Huixian Chengcun Coal Mine
China,Henan Jiyuan No.1 Coal Mine
China,Henan Huatai Coal Mine
China,Henan Gongyi Yaoling Coal Mine
China,Guizhou Tongzi Huaqiu No. 2 Coal Mine
China,Guizhou Xishui Mudanba Coal Mine
China,Guizhou Xishui Mudanba Coal Mine
China,Guizhou Jinsha Xinda Coal Mine West Shaft
China,Guizhou Huoshaopu Coal Mine Yangchangpo Shaft Area
China,Guizhou Panxian Longxin Coal Mine
China,Guizhou Qianxi Longhua Coal Mine
China,Guizhou Zhijin Zhicheng Coal Mine
China,Guizhou Zhijin Yanjiao Coal Mine
China,Guizhou Gaoshan Coal Mine
China,Guizhou Zhongling Coal Mine Pingshan Shaft
China,Guizhou Nayong Xinchun Coal Mine
China,Guizhou Nayong Fumin Coal Mine
China,Guizhou Qianxin Coal Mine
China,Guizhou Xingren Xinglong Coal Mine
China,Sichuan Xinwei Coal Mine ?Xinchang Shaft)
China,Yunnan Fuyuan Dage Coal Mine
China,Yunnan Fuyuan Xiaoaozi Coal Mine
China,Yunnan Fuyuan Shewu Coal Mine
China,Shanxi Jinhui Coal Mine
China,Guizhou Baibu Coal Mine
China,Heilongjiang Shuangfu Coal Mine
China,Shanxi Xishangzhuang Coal Mine
China,Guizhou Anshun Coal Mine
China,Guizhou Henggu Coal Mine
China,Guizhou Kaitianchong Coal Mine
China,Guizhou Sannianzibian Coal Mine
China,Guizhou Agong Coal Mine
China,Guizhou Nibao Coal Mine
China,Guizhou Digua No. 3 Coal Mine
China,Guizhou Xinzhuang Coal Mine
China,Guizhou Yemaohong Coal Mine
China,Guizhou Boyang Coal Mine
China,Guizhou Liaoji Coal Mine
China,Guizhou Yangjiawan Coal Mine
China,Guizhou Sanba Coal Mine
China,Guizhou Mopanshan Coal Mine
China,Guizhou Duijiang Coal Mine
China,Guizhou Yuanxing Coal Mine
China,Guizhou Canghai Coal Mine
China,Guizhou Meijiazhai Coal Mine
China,Guizhou Shangsage Coal Mine
China,Guizhou Zhedudafa Coal Mine
China,Guizhou Guobao Coal Mine
China,Guizhou Jiashun Coal Mine
China,Guizhou Shunfa Coal Mine
China,Guizhou Hengtai Coal Mine
China,Guizhou Sanbao Coal Mine
China,Guizhou Jiufeng Zima Coal Mine
China,Guizhou Yongrong Coal Mine
China,Guizhou Quanlong Coal Mine
China,Guizhou Cukangtian Coal Mine
China,Guizhou Xingxin Coal Mine
China,Guizhou Dayakou Coal Mine
China,Guizhou Daping Coal Mine
China,Guizhou Guancang Coal Mine
China,Guizhou Houzhai Coal Mine
China,Guizhou Dalongjing Coal Mine
China,Guizhou Sanyong Coal Mine
China,Guizhou Qingli Coal Mine
China,Guizhou Pengjiawan Coal Mine
China,Guizhou Laowuji Coal Mine
China,Guizhou Daying Coal Mine
China,Guizhou Jinyan Coal Mine
China,Guizhou Guiyuan Coal Mine
China,Guizhou Huayu Coal Mine
China,Guizhou Xingyi Xingfu Coal Mine
China,Guizhou Xingfa Coal Mine
China,Guizhou Dayan Coal Mine
China,Henan Wuguiqiao Coal Mine
China,Henan Bishan Coal Mine
China,Henan Chenzhaobeijing Coal Mine
China,Henan Ligang Coal Mine
China,Ningxia Weisi Coal Mine
China,Ningxia Ruitai Coal Mine
China,Guizhou Shuijingwan Coal Mine
China,Guizhou Lizi Coal Mine
China,Guizhou Xinshe Coal Mine
China,Guizhou Guanghua Coal Mine
China,Guizhou Xinglong Coal Mine
China,Guizhou Guanduhe Coal Mine
China,Guizhou Yingxing Coal Mine
China,Guizhou Dagou Coal Mine
China,Guizhou Jipakan Coal Mine
China,Guizhou Shixing Coal Mine
China,Guizhou Qunli Coal Mine
China,Shanxi Tian'an Runhong Coal Mine
China,Shanxi Tian'tai Herui Coal Mine
China,Shanxi Qianniushan Coal Mine
China,Shanxi Potou Coal Mine
China,Shanxi Tian'an Biying Coal Mine
China,Shanxi Baigou Coal Mine
China,Shanxi Yuchang Coal Mine
China,Fujian Cuipingshan Coal Mine
China,Guizhou Guozhao Tenglong Coal Mine
China,Guizhou Gengban Coal Field
China,Hebei Qinneng No. 1 Coal Mine
China,Hebei Taihang Coal Mine
USA,N & L Slope Mine
USA,No. 13 Slope Mine
USA,No. 5 Vein Coal Mine
USA,R S & W Drift Mine
USA,Slope 2 Mine
USA,Williamstown Mine 1
Russia,Sadkinskaya-Vostochnaya Coal Mine
North Korea,Deokcheon Coal Mining Complex
North Korea,Gangdong Coal Mining Complex
North Korea,Hamnam Coal Mining Complex
North Korea,Ryongdeung Coal Mine
Russia,Dalnyaya Coal Mine
Russia,Dalnyaya Coal Mine
Russia,Sherlovskaya -Naklonnaya Coal Mine
Serbia,Vrska Cuka Coal Mine
South Africa,Zululand Anthracite Colliery
North Korea,Ryeongdae Coal Mine
China,Longfeng Coal Mine
North Korea,Cheonseong Youth Coal Mine
North Korea,February 8 Jikdong Coal Mine
North Korea,Ryongmun Coal Mine
Ukraine,Kharkovskaya Coal Mine
South Africa,Aviemore Colliery
South Africa,Aviemore Colliery
China,Jiaozishan Coal Mine
Australia,Airly Coal Mine
Australia,Appin Coal Mine
China,Gaojiazhuang Coal Mine
China,Yakeshi Shengli Coal Mine
China,Laoyaogou Coal Mine
China,Liulin Coal Mine
China,Fanjiacun Coal Mine
China,Majunyu Coal Mine
China,Ruidong Coal Mine
China,Wenzhuang Coal Mine
China,Baiyunwusu Coal Mine
China,Yuhetai Coal Mine
China,1890 Coal Mine
China,2130 Coal Mine
China,Anda Coal Mine
China,Anju Coal Mine
China,Antai Coal Mine
China,Anxin Coal Mine
China,Bailu Coal Mine
China,Baizhuang Coal Mine
China,Baliancheng Coal Mine
China,Banshi Coal Mine
China,Baopingwan Coal Mine
China,Binhu Coal Mine
China,Chaili Coal Mine
China,Chang'an Coal Mine
China,Changji Tengda Coal Mine
China,Chaochuan Coal Mine No. 1 Well
China,Chenjiagou Coal Mine
China,Chenjiashan Coal Mine
China,Chuancao Gedan Coal Mine
China,Chuanwo Coal Mine
China,Ciyaogou Coal Mine
China,Cuijiagou Coal Mine
China,Dabaoding Coal Mine
China,Dabianyao Coal Mine
China,Dalong Coal Mine
China,Dameigou Coal Mine
China,Dangjiahe Coal Mine
China,Dangxin Coal Mine
China,Daping Coal Mine
China,Dashe Coal Mine
China,Dashuitou Coal Mine
China,Datong Wangcun Coal Mine
China,Dawan Coal Mine East Well
China,Dayou Changcun Coal Mine
China,Dayou Shihao Coal Mine
China,Dayou Xin'an Coal Mine
China,Dayuan Coal Mine
China,Dazhuang Coal Mine
China,Dengjiazhuang Coal Mine
China,Dianping Coal Mine
China,Dilibangwusu Coal Mine
China,Dingjiaqu Coal Mine
China,Dongbaowei Coal Mine
China,Dongdong Coal Mine
China,Donggedu Coal Mine
China,Donghai Coal Mine
China,Donghuai Coal Mine No.1 Shaft
China,Dongjiahe Coal Mine
China,Dongpo Coal Mine
China,Dongrong No. 3 Coal Mine
China,Dongrong No. 3 Coal Mine
China,Dongshan Coal Mine
China,Dongshan Xinyi Coal Mine
China,Dongwabei Coal Mine
China,Dongxia Coal Mine
China,Dongyu Coal Mine
China,Dongzhuang Coal Mine
China,Duizhen Coal Mine
China,Fangshan Mugua Coal Mine
China,Fangshan Xinxing Coal Mine
China,Fucun Coal Mine
China,Fuda Coal Mine
China,Fugu Baoshan Coal Mine
China,Fugu Yilong Coal Mine
China,Fujiawa Coal Mine
China,Fujiayan Coal Mine
China,Fuli Coal Mine
China,Fuyuan Hongfa Coal Mine
China,Gaojiayao Coal Mine
China,Gengyang Coal Mine
China,Guanban Wusu Coal Mine
China,Guanjiaya Coal Mine
China,Guanzhuanghe Coal Mine
China,Fugu Guojiawan Coal Mine
China,Fugu Guojiawan Coal Mine
China,Guoqiang Coal Mine
China,Guotun Coal Mine
China,Guoxing Coal Mine
China,Haishiwan Coal Mine
China,Haiwan Coal Mine
China,Haizemiao Coal Mine
China,Hamagou Coal Mine
China,Hamangou Coal Mine
China,Hanzui Coal Mine
China,Haoxingyuan Coal Mine
China,Hedishan Hongyan Coal Mine
China,Heilong Coal Mine
China,Yitian Coal Mine
China,Heilonggou Coal Mine
China,Heiyanquan Coal Mine
China,Hengda Coal Mine
China,Hengtai Nanzhuang Coal Mine
China,Hongce Coal Mine
China,Honghui No. 1 Coal Mine
China,Hongshagang No. 1 Coal Mine
China,Hongshiyan Coal Mine
China,Hongya Caol Mine
China,Hongyang No. 2 Coal Mine
China,Hongyang No. 3 Coal Mine
China,Huangjiagou Coal Mine
China,Huashan Coal Mine
China,Huashengrong Coal Mine
China,Huaye Coal Mine
China,Huhewusu Coal Mine
China,Hui'an Coal Mine
China,Huibao Coal Mine
China,Huipodi Coal Mine
China,Hulonggou Coal Mine
China,Huobaoganhe Coal Mine
China,Huoshaopu Coal Mine
China,Ji'anda Coal Mine
China,Jiajiagou Coal Mine
China,Jiangzhuang Coal Mine
China,Jiaochangping Coal Mine
China,Jiaojiagou Coal Mine
China,Jiayang Coal Mine
China,Jidong Coal Mine
China,Jiegou Coal Mine
China,Jinbangde Coal Mine
China,Jinbao Coal Mine
China,Jinbaotun Coal Mine
China,Jinbei Coal Mine
China,Jinda Coal Mine
China,Jingbao Coal Mine
China,Jinhe Coal Mine
China,Jining Gucheng Coal Mine
China,Jinjiazhuang Coal Mine
China,Jinping Coal Mine
China,Jinrui Coal Mine
China,Jintong Coal Mine
China,Jiudaoling Coal Mine
China,Jiulong Coal Mine
China,Jixian Coal Mine
China,Jizhong Xin'an Coal Mine
China,Jude Coal Mine
China,Kaichuan Coal Mine
China,Mulei Kaiyuan Coal Mine
China,Kongzhuang Coal Mine
China,Langwoqu Coal Mine
China,Laohutai Coal Mine
China,Lijialou Coal Mine
China,Lijiayao Coal Mine
China,Lingshi Coal Mine
China,Linsheng Coal Mine
China,Linxi Coal Mine
China,Lishi Coal Mine
China,Liuhuanggou Coal Mine
China,Liujialiang Coal Mine
China,Liujiazhuang Coal Mine
China,Liyazhuang Coal Mine
China,Liyuanhe Coal Mine
China,Longhu Coal Mine
China,Longjiabao Coal Mine
China,Longtan Coal Mine
China,Yuncheng Lilou Coal Mine
China,Lujiayao Coal Mine
China,Luling Coal Mine
China,Luning Coal Mine
China,Luwa Coal Mine
China,Luxin No.2 Coal Mine
China,Lvshuidong Coal Mine
China,Mabao Coal Mine
China,Madigou Coal Mine
China,Mahuangliang Coal Mine
China,Maohua Bailu Coal Mine
China,Maojiazhuang Coal Mine
China,Matigou Coal Mine
China,Meiyukou Coal Mine
China,Mengjiayao Coal Mine
China,Nancha Coal Mine
China,Nangou Coal Mine
China,Nanguan Coal Mine
China,Naoerhao Coal Mine
China,Nengdong Coal Mine
China,Nianpanliang No.1 Coal Mine
China,Nuanquan Coal Mine
China,Peigou Coal Mine
China,Pingdingshan Zhangcun Coal Mine
China,Pinggang Coal Mine
China,Qianqiu Coal Mine
China,Qianyangwa Coal Mine
China,Qidong Coal Mine
China,Qingcheng Coal Mine
China,Qingdong Coal Mine
China,Qinxin Coal Mine
China,Qinxin Xinyuan Coal Mine
China,Qipanjing Mining Company Coal Mine
China,Qiwu Coal Mine
China,Quandian Coal Mine
China,Que�er'shan Coal Mine
China,Ronghua No.1 Coal Mine
China,Rongtai Coal Mine
China,Ruifeng Coal Mine
China,Ruilong Coal Mine
China,Sangshuping Coal Mine
China,Sanyuan Coal Mine
China,Sendayuan Coal Mine
China,Sentai Coal Mine
China,Shagoucha Coal Mine
China,Shanhou Coal Mine
China,Shanjiaoshu Coal Mine
China,Shanxian Zhangji Coal Mine
China,Shanzhai Coal Mine
China,Shaoyaohua Coal Mine
China,Shengli Coal Mine
China,Shenmu Cuijiagou Coal Mine
China,Shenmu Dongchuan Coal Mine
China,Shenmu Jiayuan Coal Mine
China,Shenmu Xinyao Coal Mine
China,Shennanwa Coal Mine
China,Shibangou Coal Mine
China,Shihu Coal Mine
China,Shiquan Coal Mine
China,Shiyangou Coal Mine
China,Shiyaodian Coal Mine
China,Shoushan No.1 Coal Mine
China,Shouwang Coal Mine
China,Shuangyang Coal Mine
China,Shuiliandong Coal Mine
China,Shuozhou Nanyangpo Coal Mine
China,Sidaoliu Coal Mine
China,Sikeshu Coal Mine No.8 Well
China,Silaogou Coal Mine
China,Sitong Coal Mine
China,Songhe Coal Mine
China,Sujiagou Coal Mine
China,Suncun Coal Mine
China,Tai'an Coal Mine
China,Taiping Coal Mine
China,Taishan Long'an Coal Mine
China,Taiye Coal Mine
China,Taiyue Coal Mine
China,Tanggongta Coal Mine
China,Tangyang Coal Mine
China,Tanyaoping Coal Mine
China,Taoyuan Coal Mine
China,Tashan Coal Mine Baidong Well
China,Tashidian No.2 Minefield Coal Mine
China,Tian'an No.10 Coal Mine
China,Tian'an No.11 Coal Mine
China,Tian'an No.12 Coal Mine
China,Tian'an No.13 Coal Mine
China,Tian'an No.2 Coal Mine
China,Tian'an No.4 Coal Mine
China,Tian'an No.5 Coal Mine
China,Tianchen Coal Mine
China,Tianchi Coal Mine
China,Tianyu Hengjin Coal Mine
China,Tianyu Hengsheng Coal Mine
China,Tiexin Coal Mine
China,Tongde Coal Mine
China,Tongting Coal Mine
China,Tucheng Coal Mine
China,Tunbao Coal Mine
China,Ulansetai Coal Mine
China,Shenmu Longde Coal Mine
China,Taitou Coal Mine
China,Wanfeng Coal Mine
China,Wangjiashan Coal Mine No.4 Well
China,Wangjiayu Coal Mine
China,Wangjiazhuang Coal Mine
China,Wangling Coal Mine
China,Wanglou Coal Mine
China,Wangping Coal Mine
China,Wangtian Coal Mine
China,Wanjiazhuang Coal Mine
China,Wantongyuan Coal Mine
China,Wenjiata Coal Mine
China,Wobei Coal Mine
China,Xialiyuan Coal Mine
China,Xiangshan Coal Mine
China,Xiaochang Coal Mine
China,Xiaokang Coal Mine
China,Xiaoming Coal Mine
China,Xiaonan Coal Mine
China,Xiaoqing Coal Mine
China,Xiaoyu Coal Mine
China,Xiashanmao Coal Mine
China,Xiashijie Coal Mine
China,Xiayukou Coal Mine
China,Xiezhuang Coal Mine
China,Xinbai Coal Mine
China,Shuangyashan Xin'an Coal Mine
China,Xingdong Coal Mine
China,Xinghua Coal Mine
China,Xingjiagou Coal Mine
China,Xinglong Heidaigou Coal Mine
China,Xingshengmin Coal Mine
China,Xingtao Coal Mine
China,Xingwu Coal Mine
China,Xinjian Coal Mine
China,Xinjiang Kuangou Coal Mine
China,Xinlong Coal Mine
China,Xinlu Coal Mine
China,Xinmiao Jinglaoyuan Coal Mine
China,Xinqiang Coal Mine
China,Xinsheng Coal Mine
China,Xintie Coal Mine
China,Xinxing Coal Mine
China,Xinyao Coal Mine
China,Xiongshan No. 5 Coal Mine
China,Xipo Coal Mine
China,Xuzhuang Coal Mine
China,Yangcheng Coal Mine
China,Yangdong Coal Mine
China,Yangliu Coal Mine
China,Yangpoquan Coal Mine
China,Yangta Coal Mine
China,Yanjiahe Coal Mine
China,Yanzhou Yangcun Coal Mine
China,Yaogou Poverty Alleviation Coal Mine
China,Yaojie No. 3 Coal Mine
China,Yaoqu Coal Mine
China,Yidong Hongxin Coal Mine
China,Yingcheng Coal Mine
China,Yingshahao Coal Mine
China,Yishun Coal Mine
China,Yitai Baoshan Coal Mine
China,Yitang Coal Mine
China,Yixin Coal Mine
China,Yixing Coal Mine
China,Yongdingzhuang Coal Mine
China,Yongsheng Coal Mine
China,Yuandatan Coal Mine
China,Yuandian Erjing Coal Mine
China,Yuandian Yijing Coal Mine
China,Yueliangtian Coal Mine
China,Yufeng Coal Mine
China,Yuhua Coal Mine
China,Yuhua Coal Mine Chaijiagou Well
China,Yuhua Coal Mine Yuhua Well
China,Zengzifang Coal Mine
China,Zhaiyadi Coal Mine
China,Zhaizhen Coal Mine
China,Zhangshuanglou Coal Mine
China,Zhangzishan Coal Mine
China,Zhaojiashan Coal Mine
China,Zhaojin Coal Mine
China,Zhaozhuang Coal Mine No. 2 Well
China,Zhenchengdi Coal Mine
China,Zhengli Coal Mine
China,Zhongneng Yi'an Coal Mine
China,Zhongtai Coal Mine
China,Zhongxing Coal Mine
China,Zhuangwang Coal Mine
China,Zhujiadian Coal Mine
China,Zhujiamao Coal Mine
China,Zhuxianzhuang Coal Mine
China,Zhuzhuang Coal Mine
China,Zouzhuang Coal Mine
China,Fumin Coal Mine
China,Gongwusu Coal Mine No. 3 Well
China,Jintai Changtan Coal Mine
China,Ordos Shengxin Coal Mine
China,Yangshita No.1 Coal Mine
China,Yangshita No.2 Coal Mine
China,Inner Mongolia Rongda Coal Mine
China,Inner Mongolia Yifeng Coal Mine
China,Inner Mongolia Ejin Horo Banner zhifu Coal Mine
China,Inner Mongolia Ejin Horo Banner Zhenxing Coal Mine
China,Inner Mongolia Wenyu Coal Mine
China,Inner Mongolia Ordos Shigetai Coal Mine
China,Inner Mongolia Ordos Wenjialiang No.3 Coal Mine
China,Inner Mongolia Ordos Yanjiaqu Coal Mine
China,Inner Mongolia Ordos Baiyunwusu Line 11-15 Coal Mine
China,Inner Mongolia Liaoyuan Coal Mine
China,Liaoning Fushun Taihe Coal Mine
China,Jilin Yangcaogou No.1 Coal Mine
China,Jilin Yangcaogou No.2 Coal Mine
China,Heilongjiang Dongrong No. 1 Coal Mine
China,Heilongjiang Xinli Coal Mine
China,Anhui Wugou Coal Mine
China,Henan Daping Coal Mine
China,Henan Baoyushan Coal Mine
China,Henan Tian'an No.9 Coal Mine
China,Henan Xiangshan Coal Mine
China,Henan Anyang Hongling Coal Mine
China,Guangxi Guineng No.3 Coal Mine
China,Sichuan Lubanshan North Coal Mine
China,Shaanxi Tongchuan Xiufanggou Coal Mine
China,Shaanxi Tongchuan Xichuan Coal Mine
China,Shaanxi Binxian Jiangjiahe Coal Mine
China,Shaanxi Hancheng Panlong Coal Mine
China,Shaanxi Sangshuping No. 2 Well
China,Shaanxi Shuanglong Coal Mine
China,Shaanxi Fugu Hexie Coal Mine
China,Shaanxi Fugu Hongjian Coal Mine
China,Shaanxi Fugu Hongfeng Coal Mine
China,Shaanxi Fugu Jianxin Coal Mine
China,Shaanxi Fugu Jinsheng Coal Mine
China,Shaanxi Fugu Hengyi Coal Mine
China,Shaanxi Fugu Tongyuan Coal Mine
China,Shaanxi Fugu Donggou Coal Mine
China,Shaanxi Fugu Wayaopo Coal Mine
China,Shaanxi Fugu Zhangbaya Coal Mine
China,Shaanxi Fugu Xinyang Coal Mine
China,Shaanxi Fugu Yiyuan Coal Mine
China,Shaanxi Shenfu Haiwan Coal Mine No.3 Well
China,Shaanxi Shenmu Lijiagou Coal Mine
China,Shaanxi Shenmu Dongliang Coal Mine
China,Shaanxi Shenmu Huixing Coal Mine
China,Shaanxi Shenmu Hepan Coal Mine
China,Shaanxi Shenmu Yinwan Coal Mine
China,Shaanxi Shenmu Banding Liangta Coal Mine
China,Shaanxi Yulin Yongle Coal Mine
China,Shaanxi Yulin Changxing Coal Mine
China,Shaanxi Yulin Erdun Coal Mine
China,Shaanxi Yulin Santaijie Coal Mine
China,Shaanxi Wangjiashan Coal Mine No.1 Well
China,Gansu Tianzhu Coal Mine
China,Gansu Zhangye Huacaotan Coal Mine
China,Gansu Xinzhou Coal Mine
China,Gansu Pingliang Xin'an Coal Mine
China,Gansu Liuyuanzi Coal Mine
China,Qinghai Qaidar Coal Mine
China,Xinjiang Dabei Coal Mine
China,Xinjiang Toksun Yutian Coal Mine
China,Xinjiang Zhaohequan Coal Mine No.1 Well
China,Xinjiang Hutubi Donggou Coal Mine
China,Xinjiang Hutubi Xigou Coal Mine
China,Xinjiang Baicheng Zhongwei Coal Mine
China,Xinjiang Kuche Yushuquan Coal Mine
China,Xinjiang Baicheng Yinxi Coal Mine
China,Xinjiang Guizi Coal Mine West Shaft
China,Xinjiang Puyang Coal Mine
China,Xinjiang Panjin Coal Mine
China,Xinjiang Yushugou Coal Mine
China,Xinjiang Shajihai Coal Mine
China,Xinjiang Conglong Coal Mine
China,Xinjiang Yushuling Coal Mine
China,Xinjiang Shache Changsheng Coal Mine
China,Shanxi Lingzhi Chengjiazhuang Coal Mine
China,Shanxi Liulin Nianyan Coal Mine
China,Shanxi Liulin Wangjiagou Coal Mine
China,Shanxi Liulin Xinfei Hechang Coal Mine
China,Shanxi Loujun Group Zhaojiazhuang Coal Mine
China,Shanxi L�liang Lishi Yongning Coal Mine
China,Shanxi L�liang Zhongyang Xihe Coal Mine
China,Shanxi Xingxian Chejiazhuang Coal Mine
China,Shanxi Xingxian Maodi Coal Mine
China,Shanxi Zhongyang Sucun Coal Mine
China,Shanxi Xingxian Jindi Coal Mine
China,Shanxi Zhongyang Shenjiamao Coal Mine
China,Shanxi Zhongyang Rongda Coal Mine
China,Shanxi Heilongguan Coal Mine
China,Shanxi Xihe Coal Mine
China,Shanxi Guojiashan Coal Mine
China,Shanxi Daqiao Coal Mine
China,Shanxi Changdu Coal Mine
China,Shanxi Yide Coal Mine
China,Shanxi Mingzi Coal Mine
China,Shanxi Xindingtai Coal Mine
China,Shanxi Jingu Coal Mine
China,Shanxi Changjiang Coal Mine
China,Shanxi Dengfukang Coal Mine
China,Shanxi Baohua Coal Mine
China,Shanxi Yuanfu Coal Mine
China,Shanxi Shuozhou Shuiquan Coal Mine
China,Shanxi Luzigou Coal Mine
China,Inner Mongolia Yuanlin Coal Mine
China,Inner Mongolia Jungar Banner Guangyu Coal Mine
China,Inner Mongolia Aolaobula Coal Mine
China,Inner Mongolia Jungar Banner Wulasu Coal Mine
China,Inner Mongolia Jungar Banner Shangui Coal Mine
China,Inner Mongolia Ordos Ruide No.2 Coal Mine
China,Inner Mongolia Otog Banner Dongheng Coal Mine
China,Inner Mongolia Yuxing Coal Mine
China,Inner Mongolia Otog Banner Haoyuan Coal Mine
China,Inner Mongolia Youfangqu Coal Mine
China,Inner Mongolia Ordos Jiajiaqu Coal Mine
China,Inner Mongolia Ordos Yulong Fuxiang Coal Mine
China,Inner Mongolia Ejin Horo Banner Yucai Coal Mine
China,Inner Mongolia Ejin Horo Banner Dingjialiang Coal Mine
China,Inner Mongolia Ordos Liujiaqu Coal Mine
China,Inner Mongolia Ordos Sanxing Coal Mine
China,Inner Mongolia Otog Front Banner Changcheng Coal Mine
China,Inner Mongolia Shenlong Coal Mine
China,Inner Mongolia Wuhai Hairong Coal Mine
China,Inner Mongolia Wuhai Lisheng Coal Mine
China,Wuhai Tianyu Coal Mine
China,Inner Mongolia Bailing Coal Mine
China,Inner Mongolia Chifeng Xiangyang Coal Mine
China,Inner Mongolia Bayin Coal Mine
China,Xinjiang Shawan Liangbaoying Coal Mine
China,Xinjiang Changji Baoping Coal Mine
China,Xinjiang Jimsar Shuntong Coal Mine
China,Xinjiang Kelji Coal Mine
China,Xinjiang Toksun Buerjian No.1 Coal Mine
China,Xinjiang Kuche Yongxin Coal Mine
China,Xinjiang Kuche Kezikutan Coal Mine
China,Shaanxi Guoshuta Coal Mine
China,Shaanxi Shenmu Shengbo Coal Mine
China,Shaanxi Shenmu Haihong Coal Mine
China,Shaanxi Shenmu Chuangwei Coal Mine
China,Shaanxi Shenmu Julong Coal Mine
China,Shaanxi Shenmu Ruixiang Coal Mine
China,Shaanxi Shenmu Yayaomao Coal Mine
China,Shaanxi Shenmu Sunyingcha No. 1 Coal Mine
China,Shaanxi Shenmu Heilapan Coal Mine
China,Shaanxi Shenmu Shenguang Coal Mine
China,Shaanxi Fugu Puhe Coal Mine
China,Shaanxi Fugu Shunyuan Coal Mine
China,Shaanxi Fugu Xintian Coal Mine
China,Shaanxi Fuguy Yifeng Coal Mine
China,Shaanxi Fugu Huafu Coal Mine
China,Shaanxi Hengshan Zhongyuan Coal Mine
China,Shaanxi Hengshan Shandong Coal Mine
China,Shaanxi Yulin Changjialiang Coal Mine
China,Shaanxi Yulin Dongfeng Coal Mine
China,Shaanxi Yulin Jinniu Coal Mine
China,Shaanxi Yulin Yubujie Coal Mine
China,Shaanxi Ruineng Coal Mine
China,Shaanxi Bailiang Coal Mine
China,Shaanxi Pubai Xigu Coal Mine
China,Shaanxi  Shenfu Wangcaihuopan Coal Mine
China,Shaanxi Shenmu Hexi Lianban Coal Mine
China,Shaanxi Shenmu Shenyuan Coal Mine
China,Shaanxi Shenmu Dequan Coal Mine
China,Shaanxi Shenmu Tianrui Coal Mine
China,Shaanxi Shenmu Xinlun Coal Mine
China,Shaanxi Shenmu Qianliang Coal Mine
China,Shaanxi Shenmu Huangtumiao Coal Mine
China,Shaanxi Shenmu Dabeimao Coal Mine
China,Shaanxi Fugu Xiangrong Coal Mine
China,Shaanxi Fugu Qinjin Coal Mine
China,Shaanxi Fugu Zhonghui Funeng Coal Mine
China,Shaanxi Hengshan Zhangjiawa Coal Mine
China,Shaanxi Hengshan Ershike Coal Mine
China,Shaanxi Hengshan Dongfanghong Coal Mine
China,Shaanxi Hengshan Zhenghe Coal Mine
China,Shaanxi Zizhou Yongxing Coal Mine
China,Shaanxi Yulin Shanghe Coal Mine
China,Shaanxi Yan'an Hecaogou Coal Mine No.1 Coal Mine
China,Shaanxi Pucheng Qinjiapo Coal Mine
China,Shaanxi Pucheng Jinlian Coal Mine
China,Shaanxi Shenmu Taihua Coal Mine
China,Shaanxi Fugu Xiahanliang Coal Mine
China,Shaanxi Huangling Nanchuang No.2 Coal Mine
China,Shaanxi Zichang Yongxing Coal Mine
China,Shaanxi Hancheng Xinghuo Coal Mine
China,Shaanxi Chengcheng No.2 Coal Mine
China,Shaanxi Huangling Nanchuang No.1 Coal Mine
China,Shaanxi Zichang Nanjiazui Coal Mine
China,Shaanxi Zichang Yangmahe Coal Mine
China,Shaanxi Zichang Zhenjiagou Coal Mine
China,Shaanxi Heyang Jinqiao Coal Mine
China,Shaanxi Hengyuan Group Zhaojialiang Coal Mine
China,Shaanxi Shenfu 31 Coal Mine
China,Shaanxi Shenmu Chaoyuan Coal Mine
China,Shaanxi Shenmu Kunyuan Coal Mine
China,Shaanxi Shenmu Hujiata Coal Mine
China,Shaanxi Shenmu Shengfu Coal Mine
China,Shaanxi Yulin Changlebao Coal Mine
China,Shaanxi Yan'an Checun Coal Mine No.1 Shaft
China,Shaanxi Yanchuan Xintai Coal Mine
China,Shaanxi Yanchuan Taifeng Coal Mine
China,Shanxi Yangquan Nanlou Coal Mine
China,Shanxi Tongzhou Group Anshen Coal Mine
China,Shanxi Majunyu Shuguang Coal Mine
China,Shanxi Kangwei Group Mengziyu Coal Mine
China,Shanxi Changzhi Nanxianquan Coal Mine
China,Shanxi Changzhi Jinyongtai Coal Mine
China,Shanxi Shicu Coal Mine
China,Shanxi Changqin Xinxing Coal Mine
China,Shanxi Changzhi Ji'an Coal Mine
China,Shanxi Cilinshan Coal Mine
China,Shanxi Changzhi Jinxiang Coal Mine
China,Shanxi Gaoping Mishan Coal Mine
China,Shanxi Linxian Shengju Coal Mine
China,Shanxi Kunlong Coal Mine
China,Shanxi Yuci Kunyuan Coal Mine
China,Shanxi Shouyang Hengyuan Coal Mine
China,Shanxi Lingshi Xin'anfa Coal Mine
China,Shanxi Lingshi Dangdangling Coal Mine
China,Shanxi Lingshi Huaqiang Coal Mine
China,Shanxi Yuci Beishan Coal Mine
China,Shanxi Lingshi Xinsheng Coal Mine
China,Shanxi Lingshi Sunyi Coal Mine
China,Shanxi Lingshi Jiguang Coal Mine
China,Shanxi Baoli Jinzhuang Coal Mine
China,Shanxi Lingshi Anyuan Coal Mine
China,Shanxi Lingshi Baigou Coal Mine
China,Shanxi Jiexiu Taoyuan Coal Mine
China,Shanxi Jiexiu Xiaoweigou Coal Mine
China,Shanxi Lingshi Tianyue Coal Mine
China,Shanxi Pingyao Jinzhong Coal Mine
China,Shanxi Pingyao Fodiangou Coal Mine
China,Shanxi Lingshi Nanhe Coal Mine
China,Shanxi Hongfa Coal Mine
China,Shanxi Jiexiu Zhengyi Coal Mine
China,Shanxi Shouyang Ruilong Coal Mine
China,Shanxi Lingshi Fuyuan Coal Mine
China,Shanxi Puxian Xinliangyou Coal Mine
China,Shanxi Tongfuxin Coal Mine
China,Shanxi Hongxiang Coal Mine
China,Shanxi Yicheng Shan'ao Coal Mine
China,Shanxi Puxian Xidong Coal Mine
China,Shanxi Hongdong Yilong Coal Mine
China,Shanxi Guxian Hongxing Coal Mine
China,Shanxi Linfen Lanbao Coal Mine
China,Shanxi Hufeng Coal Mine
China,Shanxi Wanjie Coal Mine
China,Shanxi Dujiagou Coal Mine
China,Shanxi Guxian Dongrui Coal Mine
China,Shanxi Zhangjiawan Coal Mine
China,Shanxi Majiayan Coal Mine
China,Shanxi Jinyuanda Coal Mine
China,Shanxi Jiaocheng Shenyu Coal Mine
China,Shanxi Puxian Haojinyuan Coal Mine
China,Niaxia Siguquan Coal Mine No.1 Shaft
China,Niaxia Siguquan Coal Mine No.2 Shaft
China,Ningixa Jinneng Coal Mine
China,Liaoning Badaohao Coal Mine
China,Liaoning Tieling Shuangshuzi Coal Mine
China,Liaoning Daoqing Coal Mine
China,Heilongjiang Shuangyashan Yatai Coal Mine
China,Heilongjiang Lushan l Coal Mine No.9 Shaft
China,Heilongjiang Dongning Hexing Coal Mine
China,Yunnan Luoping Dongcheng Coal Mine
China,Yunnan Fuyuan Xinxin Coal Mine
China,Yunnan Fuyuan Kuantang Coal Mine No.2 Shaft
China,Yunnan Enhong Coal Mine
China,Yunnan Fuyuan Xinqu Coal Mine
China,Yunnan Guanyinshan Coal Mine No.2 Shaft
China,Yunnan Ludong Coal Mine
China,Yunnan Chongxin Baiguangou Coal Mine
China,Yunnan Chongxin Zhouzhai Coal Mine
China,Yuannan Xin'an Yunding Coal Mine
China,Yuannan Yiluo Coal Mine
China,Henan Anyang Zhujiao Coal Mine
China,Henan Fengyang Coal Mine
China,Henan Sanmenxia Longwangzhuang Coal Mine
China,Henan Hebi No.8 Coal Mine
China,Henan Hebi No.9 Coal Mine
China,Henan Pingdingshan Pishan Coal Mine
China,Henan Lugou Coal Mine
China,Henan Dengcao Coal Mine
China,Henan Jinling Coal Mine
China,Henan Zhongmei Xindeng Zhengzhou Coal Mine
China,Guizhou Panxian Baogushan Coal Mine
China,Guizhou Panxian Hongguo Coal Mine
China,Guizhou Panxian Zhongzhichang Coal Mine
China,Guizhou Xiangshui Coal Mine Jiuwuji Shaft Area
China,Guizhou Songhe West Coal Mine
China,Guizhou Songhe East No.1 Coal Mine
China,Guizhou Songhe East Coal Mine
China,Guizhou Panzhou Yungui Coal Mine
China,Guizhou Shuicheng Yushe Middle Coal Mime
China,Guizhou Shuicheng Hebian Coal Mine
China,Guizhou Shuicheng Xiaoniu Coal Mine
China,Guizhou Jiaozishan Coal Mine
China,Guizhou Jinsha Mukong Coal Mine
China,Guizhou Nayong Dabatian Coal Mine
China,Qinghai Haitaer Coal Mine
China,Hebei Xingtai Coal Mine
China,Shanxi Shouyang Yongzhong Coal Mine
China,Shanxi Qinglong Coal Mine
China,Jiangxi Anyuan Coal Mine
China,Jiangxi Fengcheng Qujiang Coal Mine
China,Anhui Huibei Shuanglong Coal Mine
China,Hunan Zhouyuanshan Coal Mine
China,Sichuan Jingang Coal Mine
China,Sichuan Xiaobaoding Coal Mine
China,Sichuan Longmenxia South Coal Mine
China,Sichan Tianshan South Coal Mine
China,Sichuan Liangshan Yimen Coal Mine
China,Sichuan Furong Coal Mine
China,Pansan Coal Mine
China,Shanxi Datong Coking No. 1 Coal Mine
China,Shanxi Hesheng Coal Mine
China,Shanxi Lituo Coal Mine
China,Shanxi Tonghe Coal Mine
China,Shanxi Zisheng Coal Mine
China,Shanxi Hongya Coal Mine
China,Shanxi Wan'an Coal Mine
China,Shanxi Yanjiahe Coal Mine
China,Shanxi Shengping Coal Mine
China,Shanxi Maozequ Coal Mine
China,Shanxi Taitou Qianwan Coal Mine
China,Shanxi Henyuanshun Coal Mine
China,Shanxi Wangyuan Coal Mine
China,Shanxi Zhuangzihe Coal Mine
China,Shanxi Dafosi Coal Mine
China,Shanxi Dantangou Coal Mine
China,Shanxi Hanagou Coal Mine
China,Shanxi Longmenta Coal Mine
China,Shanxi Xiangyuan Coal Mine
China,Shanxi Hongyan Coal Mine
China,Shanxi Shuguang Coal Mine
China,Shanxi Bolong Coal Mine
China,Shanxi Tong'an Coal Mine
China,Shanxi Longshan Coal Mine
China,Shanxi Zhengsheng Coal Mine
China,Shanxi Zheng'an Coal Mine
China,Shanxi Zhengbang Coal Mine
China,Shanxi Xiayao Coal Mine
China,Xinjiang Hoxtolgay Coal Mine
China,Xinjiang Nanshan Coal Mine Xiaogou No. 4 Shaft
China,Xinjiang Donggou Coal Mine
China,Xinjiang Gashunwusan Coal Mine
China,Xinjiang Tunnan No. 3 Coal Mine
China,Shaanxi Hengliao Coal Mine
China,Heilongjiang Sijitun Coal Mine
China,Xinjiang Jijihu West Coal Mine
China,Xinjiang Tiaohu No.1 Coal Mine
China,Xinjiang Zhifang No. 1 Coal Mine
China,Xinjiang Bo'ertuoluogai Coal Mine
China,Xinjiang Keburjian Mining Area No. 12 Coal Mine
China,Xinjiang Shitoumei No. 2 Coal Mine
China,Xinjiang Kumusu No. 1 Coal Mine
China,Xinjiang Tiaohu No. 7 Coal Mine
China,Xinjiang Taxihe Mining Area Meifeng Coal Mine
China,Xinjiang Taxihe Mining Area Yong'an No. 1 Coal Mine
China,Xinjiang Yibei Mining Area No. 8 Coal Mine
China,Xinjiang Yibei Mining Area Zhailiangzi Coal Mine
China,Xinjiang Talike District No. 1 Coal Mine
China,Xinjiang Kadaxi District No. 1 Coal Mine
China,Xinjiang Baiyanghe Mining Area 106 Regiment Coal Mine
China,Heilongjiang Xinhua Coal Mine
China,Guizhou Digua No.1 Coal Mine East Shaft
China,Inner Mongolia Liusangedan Coal Mine
China,Inner Mongolia Yingjun No.3 Coal Mine
China,Inner Mongolia Yingjun No.2 Coal Mine
China,Inner Mongolia Yingjun No.5 Coal Mine
China,Inner Mongolia Malan Coal Mine
China,Inner Mongolia Shiyangou Coal Mine
China,Inner Mongolia Buriqi Coal Mine
China,Inner Mongolia Xinjie No.1 Coal Mine
China,Inner Mongolia Xinjie No.2 Coal Mine
China,Inner Mongolia Bayannao Coal Mine
China,Inner Mongolia Dahaimiao Coal Mine
China,Inner Mongolia Kongdujigou Coal Mine
China,Inner Mongolia Geliugou Coal Mine
China,Inner Mongolia Laosangou Coal Mine
China,Inner Mongolia Wudinghe Coal Mine
China,Inner Mongolia Galutu Coal Mine
China,Inner Mongolia Hadatu Coal Mine
China,Inner Mongolia Tonggelang Coal Mine
China,Inner Mongolia Bayin Aobao Coal Mine
China,Inner Mongolia Bayanchaidamu Coal Mine
China,Inner Mongolia Fangziliang Coal Mine
China,Inner Mongolia Meilinmiao Coal Mine
China,Inner Mongolia Chengliang Coal Mine
China,Inner Mongolia Nalinhe No.1 Coal Mine
China,Inner Mongolia Sinibrag No. 1 Coal Mine
China,Inner Mongolia Sinibrag No. 2 Coal Mine
China,Inner Mongolia Subu'erga Coal Mine
China,Inner Mongolia Nalinxili Coal Mine
China,Inner Mongolia Haolaisu Coal Mine
China,Inner Mongolia Kuitenggou Coal Mine
China,Inner Mongolia Ayanbulu Coal Mine
China,Inner Mongolia Houliuwan Coal Mine
China,Inner Mongolia Haizita Coal Mine
China,Inner Mongolia Sandao'aobao Coal Mine
China,Inner Mongolia Changtanxi Coal Mine
China,Inner Mongolia Duijiugou Coal Mine
China,Inner Mongolia Dianli Mandula Coal Mine
China,Inner Mongolia 11-15 Line Coal Mine
China,Inner Mongolia Ordos Electric Power No. 1 Coal Mine
China,Inner Mongolia Ordos Electric Power No. 2 Coal Mine
China,Guizhou Changxing Coal Mine
China,Guizhou Yuhua Coal Mine
China,Guizhou Xinhongfa Coal Mine
China,Guizhou Limin Coal Mine
China,Guizhou Hongshunfa Coal Mine
China,Guizhou Mangyuan Coal Mine
China,Guizhou Maozhai Coal Mine
China,Guizhou Shenxianpo Coal Mine
China,Guizhou Changyin Coal Mine
China,Guizhou Qianyuan Coal Mine
China,Guizhou Zhulin Coal Mine
China,Guizhou Weihong Coal Mine
China,Yunnan Jincheng Coal Mine
China,Shaanxi Longyan Coal Mine
China,Shaanxi Liujiamao Coal Mine
China,Shaanxi Sunjiachazhen Zhugaita Coal Mine
China,Shaanxi Shenmu Zhugaita Coal Mine
China,Shaanxi Baoxingyuan Coal Mine
China,Shaanxi Shuijingqu Coal Mine
China,Shaanxi Jindong Coal Mine
China,Shaanxi Yaotou Coal Mine
China,Shaanxi Anli Coal Mine
China,Shaanxi Sanyanqiao Coal Mine
China,Shaanxi Chenghe No. 2 Coal Mine
China,Shaanxi Longquan Coal Mine
China,Shaanxi Xigu Xinxing Coal Mine
China,Shaanxi Beiguan Coal Mine
China,Shaanxi Fengyuan Coal Mine
China,Shaanxi Sangbei Coal Mine
China,Shaanxi Qiaoziliang Coal Mine
China,Shaanxi Gaoxingzhuang Coal Mine
China,Shaanxi Jinhongwan Coal Mine
China,Shaanxi Wanda Coal Mine
China,Shaanxi Wantaiming Coal Mine
China,Shaanxi Shenghai Coal Mine
China,Shaanxi Zhangsangou Coal Mine
China,Shaanxi Fuqing Coal Mine
China,Shaanxi Jintai Coal Mine
China,Shaanxi Shimanao Coal Mine
China,Shaanxi Longxiang Coal Mine
China,Shaanxi Hongxin Coal Mine
China,Shaanxi Wuyi Coal Mine
China,Henan Daping Coal Mine Industrial Site Coal Pillar Mining Project
China,Henan Damoling Coal Mine
China,Henan Zhujiao Coal Mine
China,Ningxia Dajinggou Coal Mine
China,Ningxia Siguquan Coal Mine No. 1 Shaft
China,Ningxia Siguquan Coal Mine No. 2 Shaft
China,Ningxia Xinfa Coal Mine
China,Ningxia Weisan Coal Mine
China,Gansu Pingshanhu No. 1 Coal Mine
China,Gansu Jiulongchuan Coal Mine
China,Gansu Ningxi No. 1 Coal Mine
China,Gansu Ningxi No. 2 Coal Mine
China,Gansu Ningxi No. 3 Coal Mine
China,Gansu Dongshuiquan Coal Mine
China,Gansu Baiyanzi Coal Mine
China,Anhuai Zhangzhuang Coal Mine
China,Yunnan Feilongma Coal Mine
China,Yunnan Enhong Coal Mine No. 2 Shaft
China,Yunnan Baoda Coal Mine
China,Anhui Haizi Coal Mine Western Shaft
China,Guizhou Hexing Coal Mine
China,Guizhou Baogushan Coal Mine
China,Guizhou Hongguo Coal Mine
China,Guizhou Weng'an Coal Mine
China,Xinjiang Kanglong Coal Mine
China,Xinjiang Tianshun Coal Mine
China,Xinjiang Qinhua Coal Mine
China,Xinjiang Mingfangou Coal Mine No. 1 Shaft
China,Xinjiang Shunfa Coal Mine
China,Xinjiang Dongxingtai Coal Mine
China,Xinjiang Tiantai Coal Mine
China,Xinjiang Jingou Coal Mine
China,Shanxi Zhufeng Coal Mine
China,Shanxi Tuoxin Coal Mine
China,Shanxi Yumao Xinxing Coal Mine
China,Shanxi Dayu Coal Mine
China,Shanxi Wuxing Coal Mine
China,Shanxi Linrun Coal Mine
China,Shanxi Xinyi Zhifu Coal Mine
China,Shanxi Guanyao Yong'an Coal Mine
China,Shanxi Hongda Xueping Coal Mine
China,Shaanxi Huhao Heigou Coal Mine
China,Shaanxi Tianren Coal Mine
China,Shaanxi Xingelao Coal Mine
China,Shaanxi Liaoyuan Coal Mine
China,Xinjiang Bositan Coal Mine
China,Shandong Daizhuang Coal Mine
China,Henan Guanyintang Coal Mine
China,Henan Yushan Coal Mine
China,Heilongjiang Datonggou Coal Mine
China,Heilongjiang Yixing Coal Mine
China,Hebei Xingtai Coal Mine West Shaft
China,Inner Mongolia Ping'an Coal Mine
China,Hebei Yushugou Coal Mine
China,Hebei Hezhuang Coal Mine
China,Hebei Beizhang Coal Mine
China,Hebei Yuxi No. 1 Coal Mine
China,Hebei Xingsheng Coal Mine
China,Hebei Fengda Coal Mine
China,Hebei Sunzhuang Coal Mine
China,Hebei Niu'erzhuang Coal Mine
China,Shaanxi Nanqiao Coal Mine
China,Shaanxi Fushan Coal Mine
China,Sichuan Longba Coal Mine
China,Sichuan Longmenxianan Coal Mine
China,Sichuan Binlang Coal Mine
China,Sichuan Tieshannan Coal Mine
China,Sichuan Yimen Coal Mine
China,Sichuan Gantang Coal Mine No. 3 Shaft
China,Shanxi Langxing Coal Mine
China,Heilongjiang Donghui Coal Mine
USA,#1 Coal Mine (Ki-Coal)
USA,#1 Coal Mine
USA,Alma No. 1 Coal Mine
USA,Bear Branch 2 Mine
USA,Beech Mountain Coal Mine
USA,Black Eagle Coal Mine
USA,Black Oak Coal Mine
USA,Blackberry 1 Coal Mine
USA,Blackberry Coal Mine
USA,Bull Branch Mine
USA,CE#2 Underground Mine
USA,Coal Branch No. 1 Mine
USA,Conaway Creek Deep Mine
USA,Coon Cedar Grove Mine
USA,Coral-Graceton Coal Mine
USA,Cresson Coal Mine
USA,Crooked Creek Coal Mine
USA,Deer Run Mine
USA,Excel 5 Coal Mine
USA,Flying Eagle Mine
USA,Gentry 3 Coal Mine
USA,Grassy 1 Mine
USA,Horning Deep Mine
USA,JV 16 Coal Mine
USA,JV 17 Coal Mine
USA,Lowry Coal Mine
USA,Magnum 1 Mine
USA,Mettiki General Coal Mine
USA,Mine 4 Coal Mine
USA,Mine 5 Coal Mine
USA,Mine No. 2 (WV)
USA,Mine No. 3
USA,Mine No. 5 (Falcon)
USA,Mine No. 1 (VA)
USA,Mine No. 2 (VA)
USA,Mine No. 32
USA,No. 4 Mine (Trump)
USA,No. 1 Coal Mine
USA,No. 57 Coal Mine
USA,No. 1 Coal Mine (Coalton)
USA,No. 11 Mine
USA,No. 2 Coal Mine (Foresight)
USA,No. 2 Coal Mine (New Age Mining)
USA,No. 5 Mine
USA,No. 6 Mine
USA,No. 7 Coal Mine (AB&J)
USA,North Eagle Mine
USA,North Fork Coal Mine
USA,Oak Grove Mine
USA,P-14 Mine
USA,P-7 Pigeon Creek Mine
USA,Paw Paw 2 Coal Mine
USA,Penfield Coal Mine
USA,Phoenix Coal Mine
USA,Rane Deep Coal Mine
USA,Ranger Fuel No. 1 Coal Mine
USA,Road Fork 52 Mine
USA,Rustic Ridge 1 Mine
USA,Toms Creek North Coal Mine
USA,Toms Creek South Coal Mine
USA,Toms Fork Mine
USA,Winchester Peerless Rachel Mine
China,Inner Mongolia Khorchin Baolongshan Coal Mine
China,Henan Wuzhai Coal Mine
China,Shaanxi Fugu  Feimaliang Coal Mine
China,Shanxi Yangquan Yutai Caol Mine
China,Shanxi Liulin Chenjiawan Coal Mine
China,Henan Hebi No.10 Coal Mine
China,Henan Changhong Coal Mine
China,Anhuai Yangzhuang Coal Mine
China,Anhuai Wulonghu Coal Mine
China,Anhuai Baishan Coal Mine
China,Anhuai Liuqiao No. 1 Coal Mine
China,Anhuai Panyi Coal Mine
China,Anhui Haizi Coal Mine Big Shaft
China,Anhui Liudian Coal Mine
China,Anhui Daihe Coal Mine
China,Anhui Shuoli Coal Mine
China,Anhui Yuanzhuang Coal Mine
China,Henan Longmen Coal Mine
China,Liaoning Dayaogou Coal Mine
China,Liaoning Xiaolinghe Coal Mine
China,Hebei Xiandewang Coal Mine
China,Hebei Zhangcun Coal Mine No. 3 Shaft
China,Jiangxi Yangou Coal Mine
China,Jiangsu Litang Coal Mine
China,Hebei Julong Coal Mine
China,Hebei Beiyangzhuang Coal Mine
China,Hebei Xuandong Coal Mine
China,Hebei Linnancang Coal Mine
China,Hebei Guantai Coal Mine
China,Hebei Cuijiazhai Coal Mine
China,Hebei Xixizhuang Coal Mine
China,Hebei Tao'er Coal Mine
China,Hebei Xinsan Coal Mine
China,Shaanxi Xinyuan Coal Mine
Poland,LW Bogdanka Coal Mine
Poland,KWK Bzie-D?bina Coal Mine
Poland,KWK Piast-Ziemowit Coal Mine
Russia,Alardinskaya Coal Mine
Russia,Bolshevik Coal Mine
Russia,Butovskaya Coal Mine
Russia,"Chernihiv, Yuzhniy, Lutuginsky Coal Mine"
Russia,Denisovsky Central Coal Mine
Russia,Kirova Coal Mine
Russia,Kirova Coal Mine
Ukraine,Kirova Coal Mine
Russia,Listvyazhnaya Coal Mine
Russia,Mezhegeyugol Coal Mine
Russia,Mezhegeyugol Coal Mine
Russia,Olzherasskaya Novaya Coal Mine
Russia,Osinnikovskaya Coal Mine
Russia,Otvalny Yuzhny No.1 Glubokiy Coal Mine
Russia,Pervomayskaya Coal Mine
Russia,Raspadskaya Coal Mine
Russia,Raspadskaya Koksovaya Coal Mine
Russia,Shurapskaya Coal Mine
Russia,Sibirskaya Coal Mine
Russia,Tikhova Coal Mine
Russia,Tikhova Coal Mine
Russia,Ulug-Khem Coal Mine
Russia,Ulug-Khem Coal Mine
Russia,Usinsk-1 Coal Mine
Russia,Uskovskaya Coal Mine
Russia,Vorgashorskaya Coal Mine
Russia,Vorkutinskaya Coal Mine
Russia,Yalevsky Coal Mine
Russia,Yerunakovskaya-8 Coal Mine
Russia,Yesaulskaya Coal Mine
South Africa,Umzila Coal Mine
South Africa,Bosjesspruit Coal Mine
South Africa,Davel Coal Project
South Africa,Goedehoop Coal Mine
South Africa,Greenside Coal Mine
South Africa,Hendrina Coal Mine
South Africa,Impumelelo Coal Mine
South Africa,Gila Coal Mine
South Africa,Kriel Coal Mine
South Africa,Leslie 1 Coal Mine
South Africa,Matla Coal Mine
South Africa,Matla Coal Mine
South Africa,New Denmark Coal Mine
South Africa,Paardekop Coal Mine
South Africa,Shondoni Coal Mine
South Africa,Sterkfontein Coal Mine
South Africa,Syferfontein Coal Mine
South Africa,Twistdraai Thubelisha Coal Mine
South Africa,Zibulo Coal Mine
T�rkiye,Amasra Coal Mine
T�rkiye,Kozlu Coal Mine
T�rkiye,Uzulmez Coal Mine
Ukraine,Bazhanova Coal Mine
Ukraine,Bilorichenska Coal Mine
Ukraine,Krasnolymanska Coal Mine
Ukraine,Pokrovs'ke Coal Mine
Russia,Berezovskaya Coal Mine
Russia,Denisovsky Vostochny Coal Mine
Russia,Karagailinsky Coal Mine
Russia,Zarechnaya Coal Mine
Serbia,Ibarski Rudnici Coal Mine
United States,River View Henderson Portal 1
Vietnam,Mine at Khoai Chau II
Russia,Usinsky-3 Coal Mine
Australia,Talwood Coal Mine
Australia,Vermont East Coal Project
China,Yanzishan Coal Mine
Australia,Grosvenor West Coal Mine
Ukraine,Lubel Coal Mine
China,Dajing Mining Area No. 2 Mine
Australia,Teresa Coal Project
Australia,Spur Hill Coal Mine
South Africa,Magdalena Colliery
South Africa,Magdalena Colliery
South Africa,Magdalena Colliery
United States,Elk Creek Mine (WV)
United States,Elk Creek Mine (WV)
United States,Russell County Coal Mine
United States,Mine 1A Coal Mine
United States,D-30 Clover Fork Coal Mine
United States,D-28 Huff Creek Coal Mine
United States,Access Energy Coal Mine
United States,E4-2 Coal Mine
United States,Mine 15 Coal Mine
United States,Quecreek #1 Mine
United States,Muddy Bridge Coal Mine
United States,Washington Coal Mine
China,Yangcun Coal Mine
China,Wenjiaba No. 2 Coal Mine
China,Yilan No. 3 Coal Mine
China,Hebi No. 11 Coal Mine
China,Liliangdian Coal Mine
China,Madiliang Coal Mine
China,Wei'er Coal Mine
China,Qinggangping Coal Mine
China,Fugu Fenghua Coal Mine
China,Xiangshuihe Coal Mine
United States,Maple Eagle No. 1 Coal Mine
United States,D-6 North Fork Coal Mine
India,Maheshpur Coal Mine
India,Bhagabandh Coal Mine
India,Kharkharee Colliery
United States,Edm No. 1 Mine
United States,Mountaineer Pocahontas No. 1 Coal Mine
United States,D-21 Coal Mine
India,Jogidih Coal Mine
United States,D-11 Panther Coal Mine
United States,Mine No. 2
United States,Mine 28 Coal Mine
United States,D-7 Osaka Coal Mine
United States,Mine No. 5 (May Coal)
United States,No. 4 Coal Mine
United States,Caretta #3 Coal Mine
United States,Maple Springs Coal Mine
United States,Sewell Mine B Coal Mine
United States,Carbon Hill Mine
United States,Parkwood Coal Mine
United States,Slip Ridge Cedar Grove Mine
United States,Kocjancic Coal Mine
United States,Maxine-Pratt Coal Mine
United States,Heilwood Coal Mine
United States,Knob Creek Coal Mine
United States,D-29 Darby Fork Coal Mine
United States,Wyoming No 2 Coal Mine
United States,Hernshaw Coal Mine
India,Tandsi Coal Mine
United States,Dutch Run Coal Mine
United States,Hopedale Coal Mine
United States,Gateway Eagle Coal Mine
United States,Tilley Coal Mine
United States,Harmony Coal Mine
United States,Redhawk #1 Coal Mine
United States,Horse Creek Eagle Coal Mine
United States,D-2 Beechfork Coal Mine
United States,Michael Powellton Deep Mine
United States,Brushy Eagle Coal Mine
United States,Putney Darby Mine #1
United States,CVB No. 1 Coal Mine
United States,Buffalo Deep Mine
United States,No. 77 Coal Mine
United States,Eagle #3 Coal Mine
United States,Panther Eagle Coal Mine
United States,Calvary No 81 Coal Mine
United States,No. 2 Gas Coal Mine
United States,Mine No. 43
United States,Sewell Mine R Coal Mine
United States,Mine No. 39
United States,Vail Coal Mine
United States,Acosta Deep Coal Mine
United States,Barrett Coal Mine
United States,Kingston No. 2 Coal Mine
Ukraine,Kalinin Coal Mine
United States,Emery Coal Mine
United States,Deep Mine 44 Coal Mine
United States,Casselman Coal Mine
United States,Morgan Camp Mine
India,Moonidih Coal Mine
India,Moonidih Coal Mine
China,Huoshaopu Yinhe Well Area Coal Mine
China,Shitai Coal Mine
Ukraine,Almaznaya Coal Mine
United States,Berwind Coal Mine
China,Dayan No. 3 Coal Mine
China,Duolun Coal Mine
China,Fengshuigou Coal Mine
China,Laogongyingzi Coal Mine
China,Liangjia Coal Mine
China,Liujia Coal Mine
China,Puhe Coal Mine
China,Heilongjiang Xinfa Coal Mine
China,Guangxi Baise Zhoujing Coal Mine
China,Heilongjiang Heihe Xingbian Coal Mine
China,Jilin Liangshui Coal Mine No. 1 Shaft
China,Sichuan Meijiaping Coal
China,Guangxi Baoqun Coal Mine
China,Guangxi Tangnei Coal Mine
China,Chongqing Fengchun Coal Mine
China,Chongqing Yuyang Coal Mine
China,Chongqing Sanhui No.2 Coal Mine
China,Chongqing Yanjing No.1 Coal Mine
China,Shaanxi Tongchuan Baishiya Coal Mine
China,Shaanxi Yulin Xinyuan Coal Mine
China,Xinjiang Wusu Sikeshu Coal Mine No. 7 Shaft
North Korea,Cheongnam Coal Mine
North Korea,Saebyol Coal Mining Complex
Slovenia,Velenje Coal Mine
T�rkiye,Afyon Uluk�y Coal Mine
T�rkiye,Amasra B Coal Mine
T�rkiye,I?dekuzu Coal Mine
T�rkiye,Kinik Coal Mine
Nigeria,Maiganga Coal Mine
Serbia,Lubnica Coal Mine
China,Agentala Mine of Shaogen Coal Mine
North Korea,Hwapung Coal Mine
India,Madhaipur
India,Bansra
India,Bahula
India,Bankola
India,Khas Kajora
India,Central Kajora
India,Satgram Project
India,Sodepur
India,Rehar
India,Gayatri
India,Haldibari
India,Jhilimili
India,Balgi
India,Singhali
India,Bagdeva
India,HURRA 'C'
India,Tasra (CAPTIVE)
India,Chasnala (CAPTIVE)
India,HARIAJAM
India,SHAYAMPUR-B�
India,KHOODIA
India,BARMURI
India,NIRSHA
India,JOGIDIH�
India,MAHESHPUR
India,MUUDIDIH
India,"P, B. PROJECT"
India,BASTACOLLA
India,COLLIERY
India,MURAIDIH
India,AMALGAMTED BLOCK-IV GOVINDPUR
India,NICHITPUR
India,KANKANEE
India,E. BASSURIYA
India,COLLIERY
India,KENDUADIH
India,AMALGAMATEO N.T.S.T. JEENAGORA
India,AMALGAMATEO SUDAMDIH. PATHERDIH COLLIERY
India,AGKCC
India,NEW AKASH KINAREE COLLY
India,AMALGAMATED KESHALPUR
India,(AKWMC)
India,NEW GODHUR. KUSUNDA
India,GONDUDIH KHAS KUSUNDU
India,GOPALICHUCK
India,BHOWRA(SOUTH) COLLIERY
India,BHURKUNDA UG
India,SAUNDA
India,SIRKA
India,ARA
India,PUNDI
India,TOPA
India,KEDLA UG
India,KEDLA OC
India,JHARKHAND
India,West Bokaro (CAPTIVE)
India,URIMARI
India,GIDI 'A'
India,RELIGARA
India,TAPIN SOUTH�
India,Dumri Coal mine (CAPTIVE)
India,GOVINDPUR
India,DHORI KHAS
India,JARANGDIH
India,BOKARO
India,KARGALI
India,A A D OCM
India,TARMI
India,GIRIDIH
India,DAKRA
India,ROHINI
India,PIPARWAR
India,MAHAKALI
India,D. RAYATWARI
India,MANNA INCLINE
India,"HLC NO,1"
India,PADMAPUR DEEP
India,BHATADI EXPANSION
India,BALLARPUR UG
India,SASTI  UG
India,GOURI EXPANSION
India,GOURI DEEP
India,PAONI
India,PAONI-Il
India,DHURWASA
India,NAVIN KUNADA (A)
India,NILJAI DEEP
India,UKNI DEEP
India,KOLARPIMPRI
India,GHONSA
India,JUNAD
India,Marki Mangli I (CAPTIVE)
India,SILEWARA Colliery
India,SAONER-I
India,SAONER.II
India,KAMPTEE DEEP
India,AMALGAMATED GONOEGAON
India,GHATROHANA
India,INDER UG to OC
India,DIVERSION PHASE - IV)
India,MAKARDHOKRA.I
India,AMELIA NORTH MINE
India,JAYANT
India,NIGAHI
India,Mohar & Moher-Amlori Extension Coal Mine
India,CHHATARPUR.II
India,SARNI
India,TAWA-II
Australia,Angus Place Coal Mine
Australia,Angus Place Coal Mine
Poland,KWK Staszic-Wujek Coal Mine
Poland,KWK ROW Coal Mine
Poland,KWK Ruda Coal Mine
Russia,Baykaimskaya Coal Mine
Russia,New November 7th Coal Mine
Russia,Ruban Coal Mine
Russia,Taldinskaya-Zapadnaya Coal Mine No. 1
Russia,Taldinskaya-Zapadnaya Coal Mine No. 2
Indonesia,GCM Coal Mine
Indonesia,KIM Coal Mine
Poland,Jan Karski Coal Mine
Russia,Inskoy Coal Mine
Russia,Olzherasskaya Gluboky Coal Mine
Serbia,Bogovina Coal Mine
Serbia,Jasenovac Coal Mine
Serbia,Poljana Coal Mine
Serbia,Rembas Coal Mine
Serbia,Stavalj Coal Mine
Serbia,Stavalj Coal Mine
South Africa,Lefa Coal Mine
Australia,Columboola Project
Australia,Togara North Coal Project
Australia,Alpha West Coal Project
Russia,Aleksievskaya Coal Mine
Nigeria,Owukpa Coal Mine
Mongolia,Saikhan-Ovoo Coal Mine
India,Hesagara Coal Mine
India,Nandan II Coal Mine
India,Waghoda Coal Mine
India,Deulbera Coal Mine
India,IK OC Coal Mine
India,Mudidih Coal Mine
India,Urimari Underground Coal Mine
India,Sarubera Coal Mine
India,Ningah Coal Mine
India,Sodepur Coal Mine
India,P. B. UG Coal Mine
India,Kumardhubi Coal Mine
India,Bejdih Coal Mine
India,Chapuikhas Colliery
India,Patmohana Coal Mine
Mexico,Santa Barbara Coal Mine
India,Maohusudanpur 7 Pit & Incline Coal Mine
India,Methani Coal Mine
India,Dhemonmain Coal Mine
India,CL Jambad Coal Mine
India,Hariajam Coal Mine
India,Chinakuri III Coal Mine
India,Narsamunda Coal Mine
India,Parbelia Coal Mine
India,Piparia Coal Mine
India,Patansaongi Coal Mine
India,Central Kajora Coal Mine
India,Satgram Coal Mine
India,Lower Kenda Coal Mine
India,Khandra Coal Mine
India,Kumda 7&8 Coal Mine
India,Lakhimata Coal Mine
India,Chhatarpur-II Coal Mine
India,Nandgaon Incline Coal Mine
India,Mahakali Coal Mine
India,Manoerboni & South Samlaamalgateo Coal Mine
India,Nandira Coal Mine
India,Kumardihi A Coal Mine
India,Kalidaspur Coal Mine
India,Manna Incline Coal Mine
India,Dhori- Khas Coal Mine
India,Ballarpur UG Coal Mine
India,Mahadevpuri Coal Mine
India,Sasti UG Coal Mine
India,Kunustoria Coal Mine
India,Ravindrakhani 1A Coal Mine
India,Silewara Colliery
India,Sarni Coal Mine
India,Pali Coal Mine
India,Chora UG Coal Mine
India,KK 5 Inc Coal Mine
India,Tilaboni Coal Mine
India,Bartunga Hill Coal Mine
India,D. Rayatwari Coal Mine
India,Khas Kajora Coal Mine
India,Rajur-Bhandewada Coal Mine
India,PVK-5 Coal Mine
India,IK 1A Coal Mine
India,Gayatri Coal Mine
India,Belgaon Coal Mine
India,Shiwani Coal Mine
India,Naheriya Coal Mine
India,Nimcha Coal Mine
India,Kottadih Coal Mine
India,Chhatarpur-I Coal Mine
India,Madhaipur Coal Mine
India,Madhabpur Coal Mine
India,Hirakhand Bundia Incline Mine
India,Bonjemehari Coal Mine
India,Churi Coal Mine
China,Guizhou Yunding Coal Mine
China,Guizhou Qianshan Coal Mine
China,Guizhou Xingshun Coal Mine
China,Guizhou Xingli Coal Mine
China,Guizhou Xingmin Coal Mine
China,Guizhou Hongfa Coal Mine
China,Guizhou Buzhe Coal Mine
China,Guizhou Jialong Coal Mine
China,Guizhou Benxiaokang Coal Mine
USA,Mahanoy Site Mine
South Africa,Nkomati Anthracite Mine
China,Shaanxi Shenmu Shuojiawan Coal Mine
China,Shaanxi Shenmu Runbang Coal Mine
China,Xinjiang Malang No. 1 Coal Mine
China,Guizhou Hongsong Coal Mine
China,Guizhou Laohutian Coal Mine
China,Guizhou Motian Coal Mine
USA,Balkan Coal Mine
USA,Calera Coal Mine
Indonesia,PTBA Coal Mines
Mongolia,Ovoot Coking Project
Russia,Amaam Coal Mine
South Africa,Katlego Operations
South Africa,Greater Soutpansberg Coal Project
South Africa,Impunzi Complex
South Africa,Khutala Coal Mine
South Africa,Koornfontein Coal Mine
South Africa,Optimum Coal Mine
South Africa,Tweefontein Coal Mine
South Africa,Welgemeend Coal Mine
South Africa,Weltevreden Project
South Africa,Zibulo Coal Mine
Russia,Lokuchakitsky Coal Mine
South Africa,Arnot Coal Mine
Canada,Carbon Creek
Mexico,Micare Coal Mine
Australia,Bylong Coal Project
China,Sheltala Surface Coal Mine
Australia,South Galilee Coal Project
India,New Akashkinaree Coal Mine
India,Bhowrah (South) Coal Mine
Australia,Millennium Coal Mine
Laos,Houaphanh Coal Mine
North Macedonia,Zivojno Coal Mine
Thailand,Mae Moh Coal Mine
T�rkiye,Aegean Lignite Coal Mines
T�rkiye,Af?in-Elbistan Coal Mines
T�rkiye,Af?in-Elbistan Coal Mines
T�rkiye,Eski �eltek Coal Mine
T�rkiye,Omerler Coal Mine
India,Durgapur II
India,TELWASA
India,SINGHORI
South Africa,Belfast Coal Mine
South Africa,Boschkrans Coal Mine
South Africa,Gugulethu Coal Project
South Africa,Kranspan Coal Project
South Africa,New Clydesdale Colliery
South Africa,Savmore-Maquasa Coal Mine
South Africa,Savmore-Maquasa Coal Mine
South Africa,Springboklaagte Coal Mine
South Africa,Thabametsi Coal Mine
South Africa,Vanggatfontein Coal Mine
South Africa,Welstand Coal Mine
South Africa,Thuso Coal Project
South Africa,Zimpande Coal Mine
Indonesia,FBS Coal Mine
South Africa,Kangra Coal Mine
Tajikistan,Ziddi Coal Mine
Australia,Taroborah Coal Project
Australia,Kevin's Corner Coal Mine
Australia,China Stone Coal Mine
India,Gare Palma IV 2 & 3 Coal Mine
India,Saunda-D Coal Mine
India,Khoodia Coal Mine
India,Siduli Coal Mine
India,New Kenda Coal Mine
India,Chapapur II Coal Mine
India,Nakrakonda Coal Mine
India,Ghorawari No. 1 Coal Mine
India,Shankarpur Coal Mine
India,Mohan Coal Mine
India,Tetulmari Coal Mine
